Sample,era,location,Cluster,Prop
OchACan001.merged.rmdup.merged.realn.rescaled.bam,Historical,Can,K1,9.89E-05
OchACan001.merged.rmdup.merged.realn.rescaled.bam,Historical,Can,K2,0.014411
OchACan001.merged.rmdup.merged.realn.rescaled.bam,Historical,Can,K3,9.89E-05
OchACan001.merged.rmdup.merged.realn.rescaled.bam,Historical,Can,K4,0.9853912
OchACan002.merged.rmdup.merged.realn.rescaled.bam,Historical,Can,K1,9.93E-05
OchACan002.merged.rmdup.merged.realn.rescaled.bam,Historical,Can,K2,0.0119647
OchACan002.merged.rmdup.merged.realn.rescaled.bam,Historical,Can,K3,9.93E-05
OchACan002.merged.rmdup.merged.realn.rescaled.bam,Historical,Can,K4,0.9878367
OchACan003.merged.rmdup.merged.realn.rescaled.bam,Historical,Can,K1,9.89E-05
OchACan003.merged.rmdup.merged.realn.rescaled.bam,Historical,Can,K2,0.0157841
OchACan003.merged.rmdup.merged.realn.rescaled.bam,Historical,Can,K3,9.89E-05
OchACan003.merged.rmdup.merged.realn.rescaled.bam,Historical,Can,K4,0.9840181
OchACan004.merged.rmdup.merged.realn.rescaled.bam,Historical,Can,K1,9.92E-05
OchACan004.merged.rmdup.merged.realn.rescaled.bam,Historical,Can,K2,0.0161311
OchACan004.merged.rmdup.merged.realn.rescaled.bam,Historical,Can,K3,9.92E-05
OchACan004.merged.rmdup.merged.realn.rescaled.bam,Historical,Can,K4,0.9836705
OchACan005.merged.rmdup.merged.realn.rescaled.bam,Historical,Can,K1,9.94E-05
OchACan005.merged.rmdup.merged.realn.rescaled.bam,Historical,Can,K2,0.0121229
OchACan005.merged.rmdup.merged.realn.rescaled.bam,Historical,Can,K3,9.94E-05
OchACan005.merged.rmdup.merged.realn.rescaled.bam,Historical,Can,K4,0.9876782
OchACan006.merged.rmdup.merged.realn.rescaled.bam,Historical,Can,K1,9.95E-05
OchACan006.merged.rmdup.merged.realn.rescaled.bam,Historical,Can,K2,0.0124743
OchACan006.merged.rmdup.merged.realn.rescaled.bam,Historical,Can,K3,9.95E-05
OchACan006.merged.rmdup.merged.realn.rescaled.bam,Historical,Can,K4,0.9873267
OchACan007.merged.rmdup.merged.realn.rescaled.bam,Historical,Can,K1,9.82E-05
OchACan007.merged.rmdup.merged.realn.rescaled.bam,Historical,Can,K2,0.0209563
OchACan007.merged.rmdup.merged.realn.rescaled.bam,Historical,Can,K3,9.82E-05
OchACan007.merged.rmdup.merged.realn.rescaled.bam,Historical,Can,K4,0.9788473
OchACan008.merged.rmdup.merged.realn.rescaled.bam,Historical,Can,K1,9.83E-05
OchACan008.merged.rmdup.merged.realn.rescaled.bam,Historical,Can,K2,0.0217291
OchACan008.merged.rmdup.merged.realn.rescaled.bam,Historical,Can,K3,9.83E-05
OchACan008.merged.rmdup.merged.realn.rescaled.bam,Historical,Can,K4,0.9780743
OchACan009.merged.rmdup.merged.realn.rescaled.bam,Historical,Can,K1,9.90E-05
OchACan009.merged.rmdup.merged.realn.rescaled.bam,Historical,Can,K2,0.0137555
OchACan009.merged.rmdup.merged.realn.rescaled.bam,Historical,Can,K3,9.90E-05
OchACan009.merged.rmdup.merged.realn.rescaled.bam,Historical,Can,K4,0.9860465
OchACan010.merged.rmdup.merged.realn.rescaled.bam,Historical,Can,K1,0.0187841
OchACan010.merged.rmdup.merged.realn.rescaled.bam,Historical,Can,K2,0.0001003
OchACan010.merged.rmdup.merged.realn.rescaled.bam,Historical,Can,K3,0.012882
OchACan010.merged.rmdup.merged.realn.rescaled.bam,Historical,Can,K4,0.9682336
OchACan011.merged.rmdup.merged.realn.rescaled.bam,Historical,Can,K1,9.93E-05
OchACan011.merged.rmdup.merged.realn.rescaled.bam,Historical,Can,K2,0.0143213
OchACan011.merged.rmdup.merged.realn.rescaled.bam,Historical,Can,K3,9.93E-05
OchACan011.merged.rmdup.merged.realn.rescaled.bam,Historical,Can,K4,0.98548
OchACan012.merged.rmdup.merged.realn.rescaled.bam,Historical,Can,K1,9.93E-05
OchACan012.merged.rmdup.merged.realn.rescaled.bam,Historical,Can,K2,0.0194678
OchACan012.merged.rmdup.merged.realn.rescaled.bam,Historical,Can,K3,9.93E-05
OchACan012.merged.rmdup.merged.realn.rescaled.bam,Historical,Can,K4,0.9803336
OchACan013.merged.rmdup.merged.realn.rescaled.bam,Historical,Can,K1,9.89E-05
OchACan013.merged.rmdup.merged.realn.rescaled.bam,Historical,Can,K2,0.0225786
OchACan013.merged.rmdup.merged.realn.rescaled.bam,Historical,Can,K3,9.89E-05
OchACan013.merged.rmdup.merged.realn.rescaled.bam,Historical,Can,K4,0.9772235
OchACan014.merged.rmdup.merged.realn.rescaled.bam,Historical,Can,K1,9.87E-05
OchACan014.merged.rmdup.merged.realn.rescaled.bam,Historical,Can,K2,0.0195314
OchACan014.merged.rmdup.merged.realn.rescaled.bam,Historical,Can,K3,9.87E-05
OchACan014.merged.rmdup.merged.realn.rescaled.bam,Historical,Can,K4,0.9802712
OchACan015.merged.rmdup.merged.realn.rescaled.bam,Historical,Can,K1,0.0091085
OchACan015.merged.rmdup.merged.realn.rescaled.bam,Historical,Can,K2,0.0001005
OchACan015.merged.rmdup.merged.realn.rescaled.bam,Historical,Can,K3,0.0213651
OchACan015.merged.rmdup.merged.realn.rescaled.bam,Historical,Can,K4,0.9694259
OchACan016.merged.rmdup.merged.realn.rescaled.bam,Historical,Can,K1,9.88E-05
OchACan016.merged.rmdup.merged.realn.rescaled.bam,Historical,Can,K2,0.0163994
OchACan016.merged.rmdup.merged.realn.rescaled.bam,Historical,Can,K3,9.88E-05
OchACan016.merged.rmdup.merged.realn.rescaled.bam,Historical,Can,K4,0.9834028
OchACan017.merged.rmdup.merged.realn.rescaled.bam,Historical,Can,K1,9.90E-05
OchACan017.merged.rmdup.merged.realn.rescaled.bam,Historical,Can,K2,0.0149539
OchACan017.merged.rmdup.merged.realn.rescaled.bam,Historical,Can,K3,9.90E-05
OchACan017.merged.rmdup.merged.realn.rescaled.bam,Historical,Can,K4,0.9848481
OchACan018.merged.rmdup.merged.realn.rescaled.bam,Historical,Can,K1,9.90E-05
OchACan018.merged.rmdup.merged.realn.rescaled.bam,Historical,Can,K2,0.0164214
OchACan018.merged.rmdup.merged.realn.rescaled.bam,Historical,Can,K3,9.90E-05
OchACan018.merged.rmdup.merged.realn.rescaled.bam,Historical,Can,K4,0.9833807
OchACan019.merged.rmdup.merged.realn.rescaled.bam,Historical,Can,K1,9.86E-05
OchACan019.merged.rmdup.merged.realn.rescaled.bam,Historical,Can,K2,0.0167363
OchACan019.merged.rmdup.merged.realn.rescaled.bam,Historical,Can,K3,9.86E-05
OchACan019.merged.rmdup.merged.realn.rescaled.bam,Historical,Can,K4,0.9830666
OchACan020.merged.rmdup.merged.realn.rescaled.bam,Historical,Can,K1,9.93E-05
OchACan020.merged.rmdup.merged.realn.rescaled.bam,Historical,Can,K2,0.0152109
OchACan020.merged.rmdup.merged.realn.rescaled.bam,Historical,Can,K3,9.93E-05
OchACan020.merged.rmdup.merged.realn.rescaled.bam,Historical,Can,K4,0.9845904
OchACan021.merged.rmdup.merged.realn.rescaled.bam,Historical,Can,K1,9.93E-05
OchACan021.merged.rmdup.merged.realn.rescaled.bam,Historical,Can,K2,0.0140758
OchACan021.merged.rmdup.merged.realn.rescaled.bam,Historical,Can,K3,9.93E-05
OchACan021.merged.rmdup.merged.realn.rescaled.bam,Historical,Can,K4,0.9857255
OchACan022.merged.rmdup.merged.realn.rescaled.bam,Historical,Can,K1,0.029173
OchACan022.merged.rmdup.merged.realn.rescaled.bam,Historical,Can,K2,0.1075534
OchACan022.merged.rmdup.merged.realn.rescaled.bam,Historical,Can,K3,0.8631737
OchACan022.merged.rmdup.merged.realn.rescaled.bam,Historical,Can,K4,1.00E-04
OchACan023.merged.rmdup.merged.realn.rescaled.bam,Historical,Can,K1,0.0916811
OchACan023.merged.rmdup.merged.realn.rescaled.bam,Historical,Can,K2,0.0409812
OchACan023.merged.rmdup.merged.realn.rescaled.bam,Historical,Can,K3,0.8609269
OchACan023.merged.rmdup.merged.realn.rescaled.bam,Historical,Can,K4,0.0064108
OchACan024.merged.rmdup.merged.realn.rescaled.bam,Historical,Can,K1,0.1073342
OchACan024.merged.rmdup.merged.realn.rescaled.bam,Historical,Can,K2,0.0001002
OchACan024.merged.rmdup.merged.realn.rescaled.bam,Historical,Can,K3,0.8290882
OchACan024.merged.rmdup.merged.realn.rescaled.bam,Historical,Can,K4,0.0634773
OchACat001.merged.rmdup.merged.realn.rescaled.bam,Historical,Cat,K1,0.0479999
OchACat001.merged.rmdup.merged.realn.rescaled.bam,Historical,Cat,K2,0.0135923
OchACat001.merged.rmdup.merged.realn.rescaled.bam,Historical,Cat,K3,0.9383077
OchACat001.merged.rmdup.merged.realn.rescaled.bam,Historical,Cat,K4,1.00E-04
OchACat002.merged.rmdup.merged.realn.rescaled.bam,Historical,Cat,K1,9.97E-05
OchACat002.merged.rmdup.merged.realn.rescaled.bam,Historical,Cat,K2,0.071094
OchACat002.merged.rmdup.merged.realn.rescaled.bam,Historical,Cat,K3,0.9287066
OchACat002.merged.rmdup.merged.realn.rescaled.bam,Historical,Cat,K4,9.97E-05
OchACat003.merged.rmdup.merged.realn.rescaled.bam,Historical,Cat,K1,1.00E-04
OchACat003.merged.rmdup.merged.realn.rescaled.bam,Historical,Cat,K2,0.0687472
OchACat003.merged.rmdup.merged.realn.rescaled.bam,Historical,Cat,K3,0.9310529
OchACat003.merged.rmdup.merged.realn.rescaled.bam,Historical,Cat,K4,1.00E-04
OchACat004.merged.rmdup.merged.realn.rescaled.bam,Historical,Cat,K1,0.0605035
OchACat004.merged.rmdup.merged.realn.rescaled.bam,Historical,Cat,K2,0.0152767
OchACat004.merged.rmdup.merged.realn.rescaled.bam,Historical,Cat,K3,0.9172292
OchACat004.merged.rmdup.merged.realn.rescaled.bam,Historical,Cat,K4,0.0069906
OchACat005.merged.rmdup.merged.realn.rescaled.bam,Historical,Cat,K1,9.85E-05
OchACat005.merged.rmdup.merged.realn.rescaled.bam,Historical,Cat,K2,0.113733
OchACat005.merged.rmdup.merged.realn.rescaled.bam,Historical,Cat,K3,0.88607
OchACat005.merged.rmdup.merged.realn.rescaled.bam,Historical,Cat,K4,9.85E-05
OchACat006.merged.rmdup.merged.realn.rescaled.bam,Historical,Cat,K1,9.93E-05
OchACat006.merged.rmdup.merged.realn.rescaled.bam,Historical,Cat,K2,0.0854243
OchACat006.merged.rmdup.merged.realn.rescaled.bam,Historical,Cat,K3,0.9143772
OchACat006.merged.rmdup.merged.realn.rescaled.bam,Historical,Cat,K4,9.93E-05
OchACat007.merged.rmdup.merged.realn.rescaled.bam,Historical,Cat,K1,0.0411924
OchACat007.merged.rmdup.merged.realn.rescaled.bam,Historical,Cat,K2,1.00E-04
OchACat007.merged.rmdup.merged.realn.rescaled.bam,Historical,Cat,K3,0.80507
OchACat007.merged.rmdup.merged.realn.rescaled.bam,Historical,Cat,K4,0.1536377
OchACat008.merged.rmdup.merged.realn.rescaled.bam,Historical,Cat,K1,9.87E-05
OchACat008.merged.rmdup.merged.realn.rescaled.bam,Historical,Cat,K2,0.0990658
OchACat008.merged.rmdup.merged.realn.rescaled.bam,Historical,Cat,K3,0.9007369
OchACat008.merged.rmdup.merged.realn.rescaled.bam,Historical,Cat,K4,9.87E-05
OchACat009.merged.rmdup.merged.realn.rescaled.bam,Historical,Cat,K1,0.0956427
OchACat009.merged.rmdup.merged.realn.rescaled.bam,Historical,Cat,K2,0.0115177
OchACat009.merged.rmdup.merged.realn.rescaled.bam,Historical,Cat,K3,0.8895792
OchACat009.merged.rmdup.merged.realn.rescaled.bam,Historical,Cat,K4,0.0032604
OchACat010.merged.rmdup.merged.realn.rescaled.bam,Historical,Cat,K1,0.0893216
OchACat010.merged.rmdup.merged.realn.rescaled.bam,Historical,Cat,K2,0.0045858
OchACat010.merged.rmdup.merged.realn.rescaled.bam,Historical,Cat,K3,0.8962187
OchACat010.merged.rmdup.merged.realn.rescaled.bam,Historical,Cat,K4,0.0098738
OchACat011.merged.rmdup.merged.realn.rescaled.bam,Historical,Cat,K1,9.98E-05
OchACat011.merged.rmdup.merged.realn.rescaled.bam,Historical,Cat,K2,0.0696268
OchACat011.merged.rmdup.merged.realn.rescaled.bam,Historical,Cat,K3,0.9255515
OchACat011.merged.rmdup.merged.realn.rescaled.bam,Historical,Cat,K4,0.0047218
OchACat012.merged.rmdup.merged.realn.rescaled.bam,Historical,Cat,K1,0.0791474
OchACat012.merged.rmdup.merged.realn.rescaled.bam,Historical,Cat,K2,0.038106
OchACat012.merged.rmdup.merged.realn.rescaled.bam,Historical,Cat,K3,0.8585436
OchACat012.merged.rmdup.merged.realn.rescaled.bam,Historical,Cat,K4,0.0242031
OchACat013.merged.rmdup.merged.realn.rescaled.bam,Historical,Cat,K1,9.93E-05
OchACat013.merged.rmdup.merged.realn.rescaled.bam,Historical,Cat,K2,0.0773305
OchACat013.merged.rmdup.merged.realn.rescaled.bam,Historical,Cat,K3,0.9224708
OchACat013.merged.rmdup.merged.realn.rescaled.bam,Historical,Cat,K4,9.93E-05
OchACat014.merged.rmdup.merged.realn.rescaled.bam,Historical,Cat,K1,0.0430473
OchACat014.merged.rmdup.merged.realn.rescaled.bam,Historical,Cat,K2,0.027247
OchACat014.merged.rmdup.merged.realn.rescaled.bam,Historical,Cat,K3,0.9296057
OchACat014.merged.rmdup.merged.realn.rescaled.bam,Historical,Cat,K4,9.99E-05
OchACat015.merged.rmdup.merged.realn.rescaled.bam,Historical,Cat,K1,9.86E-05
OchACat015.merged.rmdup.merged.realn.rescaled.bam,Historical,Cat,K2,0.1068075
OchACat015.merged.rmdup.merged.realn.rescaled.bam,Historical,Cat,K3,0.8929952
OchACat015.merged.rmdup.merged.realn.rescaled.bam,Historical,Cat,K4,9.86E-05
OchACat016.merged.rmdup.merged.realn.rescaled.bam,Historical,Cat,K1,9.99E-05
OchACat016.merged.rmdup.merged.realn.rescaled.bam,Historical,Cat,K2,0.0748253
OchACat016.merged.rmdup.merged.realn.rescaled.bam,Historical,Cat,K3,0.9249749
OchACat016.merged.rmdup.merged.realn.rescaled.bam,Historical,Cat,K4,9.99E-05
OchACat017.merged.rmdup.merged.realn.rescaled.bam,Historical,Cat,K1,0.0638308
OchACat017.merged.rmdup.merged.realn.rescaled.bam,Historical,Cat,K2,0.001054
OchACat017.merged.rmdup.merged.realn.rescaled.bam,Historical,Cat,K3,0.9350151
OchACat017.merged.rmdup.merged.realn.rescaled.bam,Historical,Cat,K4,1.00E-04
OchACat018.merged.rmdup.merged.realn.rescaled.bam,Historical,Cat,K1,9.86E-05
OchACat018.merged.rmdup.merged.realn.rescaled.bam,Historical,Cat,K2,0.1117377
OchACat018.merged.rmdup.merged.realn.rescaled.bam,Historical,Cat,K3,0.888065
OchACat018.merged.rmdup.merged.realn.rescaled.bam,Historical,Cat,K4,9.86E-05
OchACat019.merged.rmdup.merged.realn.rescaled.bam,Historical,Cat,K1,9.96E-05
OchACat019.merged.rmdup.merged.realn.rescaled.bam,Historical,Cat,K2,0.08584
OchACat019.merged.rmdup.merged.realn.rescaled.bam,Historical,Cat,K3,0.9139609
OchACat019.merged.rmdup.merged.realn.rescaled.bam,Historical,Cat,K4,9.96E-05
OchACat020.merged.rmdup.merged.realn.rescaled.bam,Historical,Cat,K1,0.0817169
OchACat020.merged.rmdup.merged.realn.rescaled.bam,Historical,Cat,K2,0.0110327
OchACat020.merged.rmdup.merged.realn.rescaled.bam,Historical,Cat,K3,0.9071505
OchACat020.merged.rmdup.merged.realn.rescaled.bam,Historical,Cat,K4,1.00E-04
OchACat021.merged.rmdup.merged.realn.rescaled.bam,Historical,Cat,K1,0.0665673
OchACat021.merged.rmdup.merged.realn.rescaled.bam,Historical,Cat,K2,0.0449321
OchACat021.merged.rmdup.merged.realn.rescaled.bam,Historical,Cat,K3,0.8821653
OchACat021.merged.rmdup.merged.realn.rescaled.bam,Historical,Cat,K4,0.0063353
OchACat022.merged.rmdup.merged.realn.rescaled.bam,Historical,Cat,K1,0.0830855
OchACat022.merged.rmdup.merged.realn.rescaled.bam,Historical,Cat,K2,0.024339
OchACat022.merged.rmdup.merged.realn.rescaled.bam,Historical,Cat,K3,0.8894494
OchACat022.merged.rmdup.merged.realn.rescaled.bam,Historical,Cat,K4,0.0031262
OchACat023.merged.rmdup.merged.realn.rescaled.bam,Historical,Cat,K1,0.0110589
OchACat023.merged.rmdup.merged.realn.rescaled.bam,Historical,Cat,K2,0.0623589
OchACat023.merged.rmdup.merged.realn.rescaled.bam,Historical,Cat,K3,0.9262874
OchACat023.merged.rmdup.merged.realn.rescaled.bam,Historical,Cat,K4,0.0002948
OchACat024.merged.rmdup.merged.realn.rescaled.bam,Historical,Cat,K1,0.1091189
OchACat024.merged.rmdup.merged.realn.rescaled.bam,Historical,Cat,K2,0.0001001
OchACat024.merged.rmdup.merged.realn.rescaled.bam,Historical,Cat,K3,0.8616838
OchACat024.merged.rmdup.merged.realn.rescaled.bam,Historical,Cat,K4,0.0290971
OchACat025.merged.rmdup.merged.realn.rescaled.bam,Historical,Cat,K1,0.054076
OchACat025.merged.rmdup.merged.realn.rescaled.bam,Historical,Cat,K2,0.024498
OchACat025.merged.rmdup.merged.realn.rescaled.bam,Historical,Cat,K3,0.9204159
OchACat025.merged.rmdup.merged.realn.rescaled.bam,Historical,Cat,K4,0.0010102
OchACat026.merged.rmdup.merged.realn.rescaled.bam,Historical,Cat,K1,0.0519794
OchACat026.merged.rmdup.merged.realn.rescaled.bam,Historical,Cat,K2,0.0285088
OchACat026.merged.rmdup.merged.realn.rescaled.bam,Historical,Cat,K3,0.9194118
OchACat026.merged.rmdup.merged.realn.rescaled.bam,Historical,Cat,K4,1.00E-04
OchACat027.merged.rmdup.merged.realn.rescaled.bam,Historical,Cat,K1,0.036603
OchACat027.merged.rmdup.merged.realn.rescaled.bam,Historical,Cat,K2,0.035887
OchACat027.merged.rmdup.merged.realn.rescaled.bam,Historical,Cat,K3,0.9274101
OchACat027.merged.rmdup.merged.realn.rescaled.bam,Historical,Cat,K4,1.00E-04
OchACat028.merged.rmdup.merged.realn.rescaled.bam,Historical,Cat,K1,9.98E-05
OchACat028.merged.rmdup.merged.realn.rescaled.bam,Historical,Cat,K2,0.0924625
OchACat028.merged.rmdup.merged.realn.rescaled.bam,Historical,Cat,K3,0.907338
OchACat028.merged.rmdup.merged.realn.rescaled.bam,Historical,Cat,K4,9.98E-05
OchACat029.merged.rmdup.merged.realn.rescaled.bam,Historical,Cat,K1,9.94E-05
OchACat029.merged.rmdup.merged.realn.rescaled.bam,Historical,Cat,K2,0.0830127
OchACat029.merged.rmdup.merged.realn.rescaled.bam,Historical,Cat,K3,0.9167886
OchACat029.merged.rmdup.merged.realn.rescaled.bam,Historical,Cat,K4,9.94E-05
OchACat030.merged.rmdup.merged.realn.rescaled.bam,Historical,Cat,K1,9.92E-05
OchACat030.merged.rmdup.merged.realn.rescaled.bam,Historical,Cat,K2,0.0970041
OchACat030.merged.rmdup.merged.realn.rescaled.bam,Historical,Cat,K3,0.9027975
OchACat030.merged.rmdup.merged.realn.rescaled.bam,Historical,Cat,K4,9.92E-05
OchACat031.merged.rmdup.merged.realn.rescaled.bam,Historical,Cat,K1,0.0570015
OchACat031.merged.rmdup.merged.realn.rescaled.bam,Historical,Cat,K2,0.0253767
OchACat031.merged.rmdup.merged.realn.rescaled.bam,Historical,Cat,K3,0.9175217
OchACat031.merged.rmdup.merged.realn.rescaled.bam,Historical,Cat,K4,1.00E-04
OchACat032.merged.rmdup.merged.realn.rescaled.bam,Historical,Cat,K1,0.05464
OchACat032.merged.rmdup.merged.realn.rescaled.bam,Historical,Cat,K2,0.0102248
OchACat032.merged.rmdup.merged.realn.rescaled.bam,Historical,Cat,K3,0.888473
OchACat032.merged.rmdup.merged.realn.rescaled.bam,Historical,Cat,K4,0.0466622
OchACat033.merged.rmdup.merged.realn.rescaled.bam,Historical,Cat,K1,0.0831351
OchACat033.merged.rmdup.merged.realn.rescaled.bam,Historical,Cat,K2,0.0077902
OchACat033.merged.rmdup.merged.realn.rescaled.bam,Historical,Cat,K3,0.9037184
OchACat033.merged.rmdup.merged.realn.rescaled.bam,Historical,Cat,K4,0.0053563
OchACat034.merged.rmdup.merged.realn.rescaled.bam,Historical,Cat,K1,0.0415249
OchACat034.merged.rmdup.merged.realn.rescaled.bam,Historical,Cat,K2,0.0381891
OchACat034.merged.rmdup.merged.realn.rescaled.bam,Historical,Cat,K3,0.9201861
OchACat034.merged.rmdup.merged.realn.rescaled.bam,Historical,Cat,K4,1.00E-04
OchACat035.merged.rmdup.merged.realn.rescaled.bam,Historical,Cat,K1,0.0339398
OchACat035.merged.rmdup.merged.realn.rescaled.bam,Historical,Cat,K2,0.043841
OchACat035.merged.rmdup.merged.realn.rescaled.bam,Historical,Cat,K3,0.9221191
OchACat035.merged.rmdup.merged.realn.rescaled.bam,Historical,Cat,K4,1.00E-04
OchACat036.merged.rmdup.merged.realn.rescaled.bam,Historical,Cat,K1,0.0828544
OchACat036.merged.rmdup.merged.realn.rescaled.bam,Historical,Cat,K2,0.0090039
OchACat036.merged.rmdup.merged.realn.rescaled.bam,Historical,Cat,K3,0.8273469
OchACat036.merged.rmdup.merged.realn.rescaled.bam,Historical,Cat,K4,0.0807947
OchACat037.merged.rmdup.merged.realn.rescaled.bam,Historical,Cat,K1,9.95E-05
OchACat037.merged.rmdup.merged.realn.rescaled.bam,Historical,Cat,K2,0.0716884
OchACat037.merged.rmdup.merged.realn.rescaled.bam,Historical,Cat,K3,0.9281126
OchACat037.merged.rmdup.merged.realn.rescaled.bam,Historical,Cat,K4,9.95E-05
OchACat038.merged.rmdup.merged.realn.rescaled.bam,Historical,Cat,K1,0.0912605
OchACat038.merged.rmdup.merged.realn.rescaled.bam,Historical,Cat,K2,0.0001002
OchACat038.merged.rmdup.merged.realn.rescaled.bam,Historical,Cat,K3,0.8988233
OchACat038.merged.rmdup.merged.realn.rescaled.bam,Historical,Cat,K4,0.009816
OchACat039.merged.rmdup.merged.realn.rescaled.bam,Historical,Cat,K1,0.0508624
OchACat039.merged.rmdup.merged.realn.rescaled.bam,Historical,Cat,K2,1.00E-04
OchACat039.merged.rmdup.merged.realn.rescaled.bam,Historical,Cat,K3,0.8139906
OchACat039.merged.rmdup.merged.realn.rescaled.bam,Historical,Cat,K4,0.135047
OchACat040.merged.rmdup.merged.realn.rescaled.bam,Historical,Cat,K1,0.0808687
OchACat040.merged.rmdup.merged.realn.rescaled.bam,Historical,Cat,K2,0.0064824
OchACat040.merged.rmdup.merged.realn.rescaled.bam,Historical,Cat,K3,0.9091052
OchACat040.merged.rmdup.merged.realn.rescaled.bam,Historical,Cat,K4,0.0035437
OchACat041.merged.rmdup.merged.realn.rescaled.bam,Historical,Cat,K1,0.0622535
OchACat041.merged.rmdup.merged.realn.rescaled.bam,Historical,Cat,K2,0.0200803
OchACat041.merged.rmdup.merged.realn.rescaled.bam,Historical,Cat,K3,0.9175662
OchACat041.merged.rmdup.merged.realn.rescaled.bam,Historical,Cat,K4,9.99E-05
OchATum001.merged.rmdup.merged.realn.rescaled.bam,Historical,Tum,K1,0.0926373
OchATum001.merged.rmdup.merged.realn.rescaled.bam,Historical,Tum,K2,1.00E-04
OchATum001.merged.rmdup.merged.realn.rescaled.bam,Historical,Tum,K3,0.876946
OchATum001.merged.rmdup.merged.realn.rescaled.bam,Historical,Tum,K4,0.0303167
OchATum002.merged.rmdup.merged.realn.rescaled.bam,Historical,Tum,K1,0.1116806
OchATum002.merged.rmdup.merged.realn.rescaled.bam,Historical,Tum,K2,0.0001001
OchATum002.merged.rmdup.merged.realn.rescaled.bam,Historical,Tum,K3,0.879118
OchATum002.merged.rmdup.merged.realn.rescaled.bam,Historical,Tum,K4,0.0091013
OchATum003.merged.rmdup.merged.realn.rescaled.bam,Historical,Tum,K1,0.1088417
OchATum003.merged.rmdup.merged.realn.rescaled.bam,Historical,Tum,K2,1.00E-04
OchATum003.merged.rmdup.merged.realn.rescaled.bam,Historical,Tum,K3,0.8867778
OchATum003.merged.rmdup.merged.realn.rescaled.bam,Historical,Tum,K4,0.0042804
OchATum004.merged.rmdup.merged.realn.rescaled.bam,Historical,Tum,K1,0.0882461
OchATum004.merged.rmdup.merged.realn.rescaled.bam,Historical,Tum,K2,0.0001005
OchATum004.merged.rmdup.merged.realn.rescaled.bam,Historical,Tum,K3,0.4844446
OchATum004.merged.rmdup.merged.realn.rescaled.bam,Historical,Tum,K4,0.4272088
OchATum005.merged.rmdup.merged.realn.rescaled.bam,Historical,Tum,K1,0.0339283
OchATum005.merged.rmdup.merged.realn.rescaled.bam,Historical,Tum,K2,0.0001005
OchATum005.merged.rmdup.merged.realn.rescaled.bam,Historical,Tum,K3,0.0067001
OchATum005.merged.rmdup.merged.realn.rescaled.bam,Historical,Tum,K4,0.9592711
OchATum006.merged.rmdup.merged.realn.rescaled.bam,Historical,Tum,K1,0.0877019
OchATum006.merged.rmdup.merged.realn.rescaled.bam,Historical,Tum,K2,0.0001002
OchATum006.merged.rmdup.merged.realn.rescaled.bam,Historical,Tum,K3,0.7682712
OchATum006.merged.rmdup.merged.realn.rescaled.bam,Historical,Tum,K4,0.1439266
OchATum007.merged.rmdup.merged.realn.rescaled.bam,Historical,Tum,K1,0.0462341
OchATum007.merged.rmdup.merged.realn.rescaled.bam,Historical,Tum,K2,0.0001012
OchATum007.merged.rmdup.merged.realn.rescaled.bam,Historical,Tum,K3,0.0673862
OchATum007.merged.rmdup.merged.realn.rescaled.bam,Historical,Tum,K4,0.8862786
OchATum008.merged.rmdup.merged.realn.rescaled.bam,Historical,Tum,K1,0.0657407
OchATum008.merged.rmdup.merged.realn.rescaled.bam,Historical,Tum,K2,0.0001013
OchATum008.merged.rmdup.merged.realn.rescaled.bam,Historical,Tum,K3,0.5310016
OchATum008.merged.rmdup.merged.realn.rescaled.bam,Historical,Tum,K4,0.4031563
OchATum009.merged.rmdup.merged.realn.rescaled.bam,Historical,Tum,K1,0.0292587
OchATum009.merged.rmdup.merged.realn.rescaled.bam,Historical,Tum,K2,0.0001003
OchATum009.merged.rmdup.merged.realn.rescaled.bam,Historical,Tum,K3,0.2394798
OchATum009.merged.rmdup.merged.realn.rescaled.bam,Historical,Tum,K4,0.7311612
OchATum010.merged.rmdup.merged.realn.rescaled.bam,Historical,Tum,K1,0.0480387
OchATum010.merged.rmdup.merged.realn.rescaled.bam,Historical,Tum,K2,0.0001006
OchATum010.merged.rmdup.merged.realn.rescaled.bam,Historical,Tum,K3,0.6260305
OchATum010.merged.rmdup.merged.realn.rescaled.bam,Historical,Tum,K4,0.3258302
OchATum011.merged.rmdup.merged.realn.rescaled.bam,Historical,Tum,K1,0.0223862
OchATum011.merged.rmdup.merged.realn.rescaled.bam,Historical,Tum,K2,0.0001011
OchATum011.merged.rmdup.merged.realn.rescaled.bam,Historical,Tum,K3,0.3012813
OchATum011.merged.rmdup.merged.realn.rescaled.bam,Historical,Tum,K4,0.6762314
OchATum012.merged.rmdup.merged.realn.rescaled.bam,Historical,Tum,K1,0.036268
OchATum012.merged.rmdup.merged.realn.rescaled.bam,Historical,Tum,K2,0.0001009
OchATum012.merged.rmdup.merged.realn.rescaled.bam,Historical,Tum,K3,0.3207257
OchATum012.merged.rmdup.merged.realn.rescaled.bam,Historical,Tum,K4,0.6429054
OchATum013.merged.rmdup.merged.realn.rescaled.bam,Historical,Tum,K1,0.0518247
OchATum013.merged.rmdup.merged.realn.rescaled.bam,Historical,Tum,K2,0.0001011
OchATum013.merged.rmdup.merged.realn.rescaled.bam,Historical,Tum,K3,0.2080349
OchATum013.merged.rmdup.merged.realn.rescaled.bam,Historical,Tum,K4,0.7400394
OchATum014.merged.rmdup.merged.realn.rescaled.bam,Historical,Tum,K1,0.1123113
OchATum014.merged.rmdup.merged.realn.rescaled.bam,Historical,Tum,K2,0.0001001
OchATum014.merged.rmdup.merged.realn.rescaled.bam,Historical,Tum,K3,0.8595538
OchATum014.merged.rmdup.merged.realn.rescaled.bam,Historical,Tum,K4,0.0280348
OchATum015.merged.rmdup.merged.realn.rescaled.bam,Historical,Tum,K1,0.1217905
OchATum015.merged.rmdup.merged.realn.rescaled.bam,Historical,Tum,K2,0.0001002
OchATum015.merged.rmdup.merged.realn.rescaled.bam,Historical,Tum,K3,0.871089
OchATum015.merged.rmdup.merged.realn.rescaled.bam,Historical,Tum,K4,0.0070203
OchATum016.merged.rmdup.merged.realn.rescaled.bam,Historical,Tum,K1,0.0398241
OchATum016.merged.rmdup.merged.realn.rescaled.bam,Historical,Tum,K2,0.0001006
OchATum016.merged.rmdup.merged.realn.rescaled.bam,Historical,Tum,K3,0.0076717
OchATum016.merged.rmdup.merged.realn.rescaled.bam,Historical,Tum,K4,0.9524037
OchATum017.merged.rmdup.merged.realn.rescaled.bam,Historical,Tum,K1,0.0626317
OchATum017.merged.rmdup.merged.realn.rescaled.bam,Historical,Tum,K2,0.0001005
OchATum017.merged.rmdup.merged.realn.rescaled.bam,Historical,Tum,K3,0.0087969
OchATum017.merged.rmdup.merged.realn.rescaled.bam,Historical,Tum,K4,0.9284708
OchATum018.merged.rmdup.merged.realn.rescaled.bam,Historical,Tum,K1,0.0858131
OchATum018.merged.rmdup.merged.realn.rescaled.bam,Historical,Tum,K2,0.0001008
OchATum018.merged.rmdup.merged.realn.rescaled.bam,Historical,Tum,K3,0.6180989
OchATum018.merged.rmdup.merged.realn.rescaled.bam,Historical,Tum,K4,0.2959872
OchATum019.merged.rmdup.merged.realn.rescaled.bam,Historical,Tum,K1,0.2133599
OchATum019.merged.rmdup.merged.realn.rescaled.bam,Historical,Tum,K2,0.0001013
OchATum019.merged.rmdup.merged.realn.rescaled.bam,Historical,Tum,K3,0.7798111
OchATum019.merged.rmdup.merged.realn.rescaled.bam,Historical,Tum,K4,0.0067278
OchATum020.merged.rmdup.merged.realn.rescaled.bam,Historical,Tum,K1,0.174317
OchATum020.merged.rmdup.merged.realn.rescaled.bam,Historical,Tum,K2,0.0001012
OchATum020.merged.rmdup.merged.realn.rescaled.bam,Historical,Tum,K3,0.8220931
OchATum020.merged.rmdup.merged.realn.rescaled.bam,Historical,Tum,K4,0.0034888
OchATum021.merged.rmdup.merged.realn.rescaled.bam,Historical,Tum,K1,0.1746643
OchATum021.merged.rmdup.merged.realn.rescaled.bam,Historical,Tum,K2,0.000101
OchATum021.merged.rmdup.merged.realn.rescaled.bam,Historical,Tum,K3,0.824769
OchATum021.merged.rmdup.merged.realn.rescaled.bam,Historical,Tum,K4,0.0004658
OchATum022.merged.rmdup.merged.realn.rescaled.bam,Historical,Tum,K1,0.167983
OchATum022.merged.rmdup.merged.realn.rescaled.bam,Historical,Tum,K2,0.0001008
OchATum022.merged.rmdup.merged.realn.rescaled.bam,Historical,Tum,K3,0.8314481
OchATum022.merged.rmdup.merged.realn.rescaled.bam,Historical,Tum,K4,0.000468
OchATum023.merged.rmdup.merged.realn.rescaled.bam,Historical,Tum,K1,0.1235938
OchATum023.merged.rmdup.merged.realn.rescaled.bam,Historical,Tum,K2,0.0001005
OchATum023.merged.rmdup.merged.realn.rescaled.bam,Historical,Tum,K3,0.8576064
OchATum023.merged.rmdup.merged.realn.rescaled.bam,Historical,Tum,K4,0.0186993
OchATum024.merged.rmdup.merged.realn.rescaled.bam,Historical,Tum,K1,0.115126
OchATum024.merged.rmdup.merged.realn.rescaled.bam,Historical,Tum,K2,0.0001003
OchATum024.merged.rmdup.merged.realn.rescaled.bam,Historical,Tum,K3,0.879817
OchATum024.merged.rmdup.merged.realn.rescaled.bam,Historical,Tum,K4,0.0049567
OchATum025.merged.rmdup.merged.realn.rescaled.bam,Historical,Tum,K1,0.0352188
OchATum025.merged.rmdup.merged.realn.rescaled.bam,Historical,Tum,K2,0.0001007
OchATum025.merged.rmdup.merged.realn.rescaled.bam,Historical,Tum,K3,0.5647496
OchATum025.merged.rmdup.merged.realn.rescaled.bam,Historical,Tum,K4,0.3999309
OchATum026.merged.rmdup.merged.realn.rescaled.bam,Historical,Tum,K1,0.1115864
OchATum026.merged.rmdup.merged.realn.rescaled.bam,Historical,Tum,K2,0.0001002
OchATum026.merged.rmdup.merged.realn.rescaled.bam,Historical,Tum,K3,0.8767865
OchATum026.merged.rmdup.merged.realn.rescaled.bam,Historical,Tum,K4,0.0115268
OchATum027.merged.rmdup.merged.realn.rescaled.bam,Historical,Tum,K1,0.1647383
OchATum027.merged.rmdup.merged.realn.rescaled.bam,Historical,Tum,K2,0.0001001
OchATum027.merged.rmdup.merged.realn.rescaled.bam,Historical,Tum,K3,0.8350616
OchATum027.merged.rmdup.merged.realn.rescaled.bam,Historical,Tum,K4,0.0001001
OchATum028.merged.rmdup.merged.realn.rescaled.bam,Historical,Tum,K1,0.0594861
OchATum028.merged.rmdup.merged.realn.rescaled.bam,Historical,Tum,K2,0.0001009
OchATum028.merged.rmdup.merged.realn.rescaled.bam,Historical,Tum,K3,0.1999174
OchATum028.merged.rmdup.merged.realn.rescaled.bam,Historical,Tum,K4,0.7404956
OchATum029.merged.rmdup.merged.realn.rescaled.bam,Historical,Tum,K1,0.112862
OchATum029.merged.rmdup.merged.realn.rescaled.bam,Historical,Tum,K2,0.000329
OchATum029.merged.rmdup.merged.realn.rescaled.bam,Historical,Tum,K3,0.6964793
OchATum029.merged.rmdup.merged.realn.rescaled.bam,Historical,Tum,K4,0.1903297
OchATum030.merged.rmdup.merged.realn.rescaled.bam,Historical,Tum,K1,0.0866213
OchATum030.merged.rmdup.merged.realn.rescaled.bam,Historical,Tum,K2,1.00E-04
OchATum030.merged.rmdup.merged.realn.rescaled.bam,Historical,Tum,K3,0.8223876
OchATum030.merged.rmdup.merged.realn.rescaled.bam,Historical,Tum,K4,0.090891
OchATum031.merged.rmdup.merged.realn.rescaled.bam,Historical,Tum,K1,0.0427585
OchATum031.merged.rmdup.merged.realn.rescaled.bam,Historical,Tum,K2,0.0001006
OchATum031.merged.rmdup.merged.realn.rescaled.bam,Historical,Tum,K3,0.017735
OchATum031.merged.rmdup.merged.realn.rescaled.bam,Historical,Tum,K4,0.9394058
OchATum032.merged.rmdup.merged.realn.rescaled.bam,Historical,Tum,K1,0.1094272
OchATum032.merged.rmdup.merged.realn.rescaled.bam,Historical,Tum,K2,0.0001001
OchATum032.merged.rmdup.merged.realn.rescaled.bam,Historical,Tum,K3,0.8688287
OchATum032.merged.rmdup.merged.realn.rescaled.bam,Historical,Tum,K4,0.021644
OchATum033.merged.rmdup.merged.realn.rescaled.bam,Historical,Tum,K1,0.1125335
OchATum033.merged.rmdup.merged.realn.rescaled.bam,Historical,Tum,K2,0.0001002
OchATum033.merged.rmdup.merged.realn.rescaled.bam,Historical,Tum,K3,0.8504061
OchATum033.merged.rmdup.merged.realn.rescaled.bam,Historical,Tum,K4,0.0369603
OchATum034.merged.rmdup.merged.realn.rescaled.bam,Historical,Tum,K1,0.1073456
OchATum034.merged.rmdup.merged.realn.rescaled.bam,Historical,Tum,K2,1.00E-04
OchATum034.merged.rmdup.merged.realn.rescaled.bam,Historical,Tum,K3,0.8856465
OchATum034.merged.rmdup.merged.realn.rescaled.bam,Historical,Tum,K4,0.0069078
OchATum035.merged.rmdup.merged.realn.rescaled.bam,Historical,Tum,K1,0.1091305
OchATum035.merged.rmdup.merged.realn.rescaled.bam,Historical,Tum,K2,0.0001002
OchATum035.merged.rmdup.merged.realn.rescaled.bam,Historical,Tum,K3,0.8439817
OchATum035.merged.rmdup.merged.realn.rescaled.bam,Historical,Tum,K4,0.0467877
OchATum036.merged.rmdup.merged.realn.rescaled.bam,Historical,Tum,K1,0.0343035
OchATum036.merged.rmdup.merged.realn.rescaled.bam,Historical,Tum,K2,0.0001008
OchATum036.merged.rmdup.merged.realn.rescaled.bam,Historical,Tum,K3,0.4535258
OchATum036.merged.rmdup.merged.realn.rescaled.bam,Historical,Tum,K4,0.5120699
OchCBur013.merged.rmdup.merged.realn.bam,Contemporary,Bur,K1,0.4538746
OchCBur013.merged.rmdup.merged.realn.bam,Contemporary,Bur,K2,0.5459263
OchCBur013.merged.rmdup.merged.realn.bam,Contemporary,Bur,K3,9.95E-05
OchCBur013.merged.rmdup.merged.realn.bam,Contemporary,Bur,K4,9.95E-05
OchCBur014.merged.rmdup.merged.realn.bam,Contemporary,Bur,K1,0.8574125
OchCBur014.merged.rmdup.merged.realn.bam,Contemporary,Bur,K2,0.0139701
OchCBur014.merged.rmdup.merged.realn.bam,Contemporary,Bur,K3,0.1229205
OchCBur014.merged.rmdup.merged.realn.bam,Contemporary,Bur,K4,0.0056969
OchCBur015.merged.rmdup.merged.realn.bam,Contemporary,Bur,K1,0.437203
OchCBur015.merged.rmdup.merged.realn.bam,Contemporary,Bur,K2,0.5625974
OchCBur015.merged.rmdup.merged.realn.bam,Contemporary,Bur,K3,9.98E-05
OchCBur015.merged.rmdup.merged.realn.bam,Contemporary,Bur,K4,9.98E-05
OchCBur016.merged.rmdup.merged.realn.bam,Contemporary,Bur,K1,0.3752029
OchCBur016.merged.rmdup.merged.realn.bam,Contemporary,Bur,K2,0.6245969
OchCBur016.merged.rmdup.merged.realn.bam,Contemporary,Bur,K3,0.0001001
OchCBur016.merged.rmdup.merged.realn.bam,Contemporary,Bur,K4,0.0001001
OchCBur017.merged.rmdup.merged.realn.bam,Contemporary,Bur,K1,0.4199294
OchCBur017.merged.rmdup.merged.realn.bam,Contemporary,Bur,K2,0.5798707
OchCBur017.merged.rmdup.merged.realn.bam,Contemporary,Bur,K3,9.99E-05
OchCBur017.merged.rmdup.merged.realn.bam,Contemporary,Bur,K4,9.99E-05
OchCBur018.merged.rmdup.merged.realn.bam,Contemporary,Bur,K1,0.3998473
OchCBur018.merged.rmdup.merged.realn.bam,Contemporary,Bur,K2,0.5999532
OchCBur018.merged.rmdup.merged.realn.bam,Contemporary,Bur,K3,9.97E-05
OchCBur018.merged.rmdup.merged.realn.bam,Contemporary,Bur,K4,9.97E-05
OchCBur021.merged.rmdup.merged.realn.bam,Contemporary,Bur,K1,0.4720563
OchCBur021.merged.rmdup.merged.realn.bam,Contemporary,Bur,K2,0.5277442
OchCBur021.merged.rmdup.merged.realn.bam,Contemporary,Bur,K3,9.98E-05
OchCBur021.merged.rmdup.merged.realn.bam,Contemporary,Bur,K4,9.98E-05
OchCBur022.merged.rmdup.merged.realn.bam,Contemporary,Bur,K1,0.4365043
OchCBur022.merged.rmdup.merged.realn.bam,Contemporary,Bur,K2,0.5610813
OchCBur022.merged.rmdup.merged.realn.bam,Contemporary,Bur,K3,0.0023142
OchCBur022.merged.rmdup.merged.realn.bam,Contemporary,Bur,K4,0.0001002
OchCBur023.merged.rmdup.merged.realn.bam,Contemporary,Bur,K1,0.40824
OchCBur023.merged.rmdup.merged.realn.bam,Contemporary,Bur,K2,0.5915601
OchCBur023.merged.rmdup.merged.realn.bam,Contemporary,Bur,K3,9.99E-05
OchCBur023.merged.rmdup.merged.realn.bam,Contemporary,Bur,K4,9.99E-05
OchCBur024.merged.rmdup.merged.realn.bam,Contemporary,Bur,K1,0.8625196
OchCBur024.merged.rmdup.merged.realn.bam,Contemporary,Bur,K2,0.0141431
OchCBur024.merged.rmdup.merged.realn.bam,Contemporary,Bur,K3,0.1181829
OchCBur024.merged.rmdup.merged.realn.bam,Contemporary,Bur,K4,0.0051543
OchCBur025.merged.rmdup.merged.realn.bam,Contemporary,Bur,K1,0.4491603
OchCBur025.merged.rmdup.merged.realn.bam,Contemporary,Bur,K2,0.5506399
OchCBur025.merged.rmdup.merged.realn.bam,Contemporary,Bur,K3,9.99E-05
OchCBur025.merged.rmdup.merged.realn.bam,Contemporary,Bur,K4,9.99E-05
OchCBur026.merged.rmdup.merged.realn.bam,Contemporary,Bur,K1,0.8603249
OchCBur026.merged.rmdup.merged.realn.bam,Contemporary,Bur,K2,0.0193954
OchCBur026.merged.rmdup.merged.realn.bam,Contemporary,Bur,K3,0.1143973
OchCBur026.merged.rmdup.merged.realn.bam,Contemporary,Bur,K4,0.0058824
OchCBur028.merged.rmdup.merged.realn.bam,Contemporary,Bur,K1,0.4312995
OchCBur028.merged.rmdup.merged.realn.bam,Contemporary,Bur,K2,0.5682799
OchCBur028.merged.rmdup.merged.realn.bam,Contemporary,Bur,K3,0.0003204
OchCBur028.merged.rmdup.merged.realn.bam,Contemporary,Bur,K4,0.0001002
OchCBur029.merged.rmdup.merged.realn.bam,Contemporary,Bur,K1,0.3983254
OchCBur029.merged.rmdup.merged.realn.bam,Contemporary,Bur,K2,0.6014748
OchCBur029.merged.rmdup.merged.realn.bam,Contemporary,Bur,K3,9.98E-05
OchCBur029.merged.rmdup.merged.realn.bam,Contemporary,Bur,K4,9.98E-05
OchCBur030.merged.rmdup.merged.realn.bam,Contemporary,Bur,K1,0.3525455
OchCBur030.merged.rmdup.merged.realn.bam,Contemporary,Bur,K2,0.6472544
OchCBur030.merged.rmdup.merged.realn.bam,Contemporary,Bur,K3,1.00E-04
OchCBur030.merged.rmdup.merged.realn.bam,Contemporary,Bur,K4,1.00E-04
OchCBur031.merged.rmdup.merged.realn.bam,Contemporary,Bur,K1,0.9002878
OchCBur031.merged.rmdup.merged.realn.bam,Contemporary,Bur,K2,0.0101909
OchCBur031.merged.rmdup.merged.realn.bam,Contemporary,Bur,K3,0.0847224
OchCBur031.merged.rmdup.merged.realn.bam,Contemporary,Bur,K4,0.004799
OchCBur032.merged.rmdup.merged.realn.bam,Contemporary,Bur,K1,0.3810793
OchCBur032.merged.rmdup.merged.realn.bam,Contemporary,Bur,K2,0.6072671
OchCBur032.merged.rmdup.merged.realn.bam,Contemporary,Bur,K3,0.0115534
OchCBur032.merged.rmdup.merged.realn.bam,Contemporary,Bur,K4,0.0001001
OchCBur034.merged.rmdup.merged.realn.bam,Contemporary,Bur,K1,0.5246474
OchCBur034.merged.rmdup.merged.realn.bam,Contemporary,Bur,K2,0.475153
OchCBur034.merged.rmdup.merged.realn.bam,Contemporary,Bur,K3,9.98E-05
OchCBur034.merged.rmdup.merged.realn.bam,Contemporary,Bur,K4,9.98E-05
OchCBur035.merged.rmdup.merged.realn.bam,Contemporary,Bur,K1,0.3317611
OchCBur035.merged.rmdup.merged.realn.bam,Contemporary,Bur,K2,0.6568651
OchCBur035.merged.rmdup.merged.realn.bam,Contemporary,Bur,K3,0.0112736
OchCBur035.merged.rmdup.merged.realn.bam,Contemporary,Bur,K4,0.0001001
OchCBur037.merged.rmdup.merged.realn.bam,Contemporary,Bur,K1,0.4102789
OchCBur037.merged.rmdup.merged.realn.bam,Contemporary,Bur,K2,0.5895215
OchCBur037.merged.rmdup.merged.realn.bam,Contemporary,Bur,K3,9.98E-05
OchCBur037.merged.rmdup.merged.realn.bam,Contemporary,Bur,K4,9.98E-05
OchCBur038.merged.rmdup.merged.realn.bam,Contemporary,Bur,K1,0.4202831
OchCBur038.merged.rmdup.merged.realn.bam,Contemporary,Bur,K2,0.5795174
OchCBur038.merged.rmdup.merged.realn.bam,Contemporary,Bur,K3,9.97E-05
OchCBur038.merged.rmdup.merged.realn.bam,Contemporary,Bur,K4,9.97E-05
OchCBur040.merged.rmdup.merged.realn.bam,Contemporary,Bur,K1,0.4466357
OchCBur040.merged.rmdup.merged.realn.bam,Contemporary,Bur,K2,0.5531649
OchCBur040.merged.rmdup.merged.realn.bam,Contemporary,Bur,K3,9.97E-05
OchCBur040.merged.rmdup.merged.realn.bam,Contemporary,Bur,K4,9.97E-05
OchCBur041.merged.rmdup.merged.realn.bam,Contemporary,Bur,K1,0.4629203
OchCBur041.merged.rmdup.merged.realn.bam,Contemporary,Bur,K2,0.5368801
OchCBur041.merged.rmdup.merged.realn.bam,Contemporary,Bur,K3,9.98E-05
OchCBur041.merged.rmdup.merged.realn.bam,Contemporary,Bur,K4,9.98E-05
OchCBur042.merged.rmdup.merged.realn.bam,Contemporary,Bur,K1,0.8601888
OchCBur042.merged.rmdup.merged.realn.bam,Contemporary,Bur,K2,0.0287934
OchCBur042.merged.rmdup.merged.realn.bam,Contemporary,Bur,K3,0.1033201
OchCBur042.merged.rmdup.merged.realn.bam,Contemporary,Bur,K4,0.0076976
OchCBur043.merged.rmdup.merged.realn.bam,Contemporary,Bur,K1,0.8609987
OchCBur043.merged.rmdup.merged.realn.bam,Contemporary,Bur,K2,0.1388018
OchCBur043.merged.rmdup.merged.realn.bam,Contemporary,Bur,K3,9.98E-05
OchCBur043.merged.rmdup.merged.realn.bam,Contemporary,Bur,K4,9.98E-05
OchCBur044.merged.rmdup.merged.realn.bam,Contemporary,Bur,K1,0.906519
OchCBur044.merged.rmdup.merged.realn.bam,Contemporary,Bur,K2,0.064745
OchCBur044.merged.rmdup.merged.realn.bam,Contemporary,Bur,K3,0.028557
OchCBur044.merged.rmdup.merged.realn.bam,Contemporary,Bur,K4,0.000179
OchCBur045.merged.rmdup.merged.realn.bam,Contemporary,Bur,K1,0.5814019
OchCBur045.merged.rmdup.merged.realn.bam,Contemporary,Bur,K2,0.418398
OchCBur045.merged.rmdup.merged.realn.bam,Contemporary,Bur,K3,1.00E-04
OchCBur045.merged.rmdup.merged.realn.bam,Contemporary,Bur,K4,1.00E-04
OchCBur047.merged.rmdup.merged.realn.bam,Contemporary,Bur,K1,0.3604233
OchCBur047.merged.rmdup.merged.realn.bam,Contemporary,Bur,K2,0.626753
OchCBur047.merged.rmdup.merged.realn.bam,Contemporary,Bur,K3,0.0127235
OchCBur047.merged.rmdup.merged.realn.bam,Contemporary,Bur,K4,0.0001001
OchCBur049.merged.rmdup.merged.realn.bam,Contemporary,Bur,K1,0.3788147
OchCBur049.merged.rmdup.merged.realn.bam,Contemporary,Bur,K2,0.6209852
OchCBur049.merged.rmdup.merged.realn.bam,Contemporary,Bur,K3,1.00E-04
OchCBur049.merged.rmdup.merged.realn.bam,Contemporary,Bur,K4,1.00E-04
OchCBur051.merged.rmdup.merged.realn.bam,Contemporary,Bur,K1,0.3745019
OchCBur051.merged.rmdup.merged.realn.bam,Contemporary,Bur,K2,0.6252979
OchCBur051.merged.rmdup.merged.realn.bam,Contemporary,Bur,K3,0.0001001
OchCBur051.merged.rmdup.merged.realn.bam,Contemporary,Bur,K4,0.0001001
OchCBur052.merged.rmdup.merged.realn.bam,Contemporary,Bur,K1,0.355804
OchCBur052.merged.rmdup.merged.realn.bam,Contemporary,Bur,K2,0.6407514
OchCBur052.merged.rmdup.merged.realn.bam,Contemporary,Bur,K3,0.0033445
OchCBur052.merged.rmdup.merged.realn.bam,Contemporary,Bur,K4,0.0001001
OchCBur053.merged.rmdup.merged.realn.bam,Contemporary,Bur,K1,0.5615841
OchCBur053.merged.rmdup.merged.realn.bam,Contemporary,Bur,K2,0.4382164
OchCBur053.merged.rmdup.merged.realn.bam,Contemporary,Bur,K3,9.97E-05
OchCBur053.merged.rmdup.merged.realn.bam,Contemporary,Bur,K4,9.97E-05
OchCBur054.merged.rmdup.merged.realn.bam,Contemporary,Bur,K1,0.8485289
OchCBur054.merged.rmdup.merged.realn.bam,Contemporary,Bur,K2,0.1273614
OchCBur054.merged.rmdup.merged.realn.bam,Contemporary,Bur,K3,0.0240095
OchCBur054.merged.rmdup.merged.realn.bam,Contemporary,Bur,K4,0.0001001
OchCBur055.merged.rmdup.merged.realn.bam,Contemporary,Bur,K1,0.3740396
OchCBur055.merged.rmdup.merged.realn.bam,Contemporary,Bur,K2,0.6257606
OchCBur055.merged.rmdup.merged.realn.bam,Contemporary,Bur,K3,9.99E-05
OchCBur055.merged.rmdup.merged.realn.bam,Contemporary,Bur,K4,9.99E-05
OchCBur056.merged.rmdup.merged.realn.bam,Contemporary,Bur,K1,0.3807876
OchCBur056.merged.rmdup.merged.realn.bam,Contemporary,Bur,K2,0.6060526
OchCBur056.merged.rmdup.merged.realn.bam,Contemporary,Bur,K3,0.0130596
OchCBur056.merged.rmdup.merged.realn.bam,Contemporary,Bur,K4,0.0001001
OchCBur057.merged.rmdup.merged.realn.bam,Contemporary,Bur,K1,0.3789926
OchCBur057.merged.rmdup.merged.realn.bam,Contemporary,Bur,K2,0.6153417
OchCBur057.merged.rmdup.merged.realn.bam,Contemporary,Bur,K3,0.0055655
OchCBur057.merged.rmdup.merged.realn.bam,Contemporary,Bur,K4,0.0001001
OchCBur058.merged.rmdup.merged.realn.bam,Contemporary,Bur,K1,0.4805849
OchCBur058.merged.rmdup.merged.realn.bam,Contemporary,Bur,K2,0.5192154
OchCBur058.merged.rmdup.merged.realn.bam,Contemporary,Bur,K3,9.99E-05
OchCBur058.merged.rmdup.merged.realn.bam,Contemporary,Bur,K4,9.99E-05
OchCBur059.merged.rmdup.merged.realn.bam,Contemporary,Bur,K1,0.3521919
OchCBur059.merged.rmdup.merged.realn.bam,Contemporary,Bur,K2,0.6373074
OchCBur059.merged.rmdup.merged.realn.bam,Contemporary,Bur,K3,0.0104006
OchCBur059.merged.rmdup.merged.realn.bam,Contemporary,Bur,K4,0.0001001
OchCBur060.merged.rmdup.merged.realn.bam,Contemporary,Bur,K1,0.3590806
OchCBur060.merged.rmdup.merged.realn.bam,Contemporary,Bur,K2,0.6376862
OchCBur060.merged.rmdup.merged.realn.bam,Contemporary,Bur,K3,0.003133
OchCBur060.merged.rmdup.merged.realn.bam,Contemporary,Bur,K4,0.0001001
OchCBur061.merged.rmdup.merged.realn.bam,Contemporary,Bur,K1,0.3785239
OchCBur061.merged.rmdup.merged.realn.bam,Contemporary,Bur,K2,0.621276
OchCBur061.merged.rmdup.merged.realn.bam,Contemporary,Bur,K3,0.0001001
OchCBur061.merged.rmdup.merged.realn.bam,Contemporary,Bur,K4,0.0001001
OchCBur062.merged.rmdup.merged.realn.bam,Contemporary,Bur,K1,0.5051705
OchCBur062.merged.rmdup.merged.realn.bam,Contemporary,Bur,K2,0.4946299
OchCBur062.merged.rmdup.merged.realn.bam,Contemporary,Bur,K3,9.98E-05
OchCBur062.merged.rmdup.merged.realn.bam,Contemporary,Bur,K4,9.98E-05
OchCBur063.merged.rmdup.merged.realn.bam,Contemporary,Bur,K1,0.3586753
OchCBur063.merged.rmdup.merged.realn.bam,Contemporary,Bur,K2,0.6411247
OchCBur063.merged.rmdup.merged.realn.bam,Contemporary,Bur,K3,1.00E-04
OchCBur063.merged.rmdup.merged.realn.bam,Contemporary,Bur,K4,1.00E-04
OchCBur064.merged.rmdup.merged.realn.bam,Contemporary,Bur,K1,0.4648676
OchCBur064.merged.rmdup.merged.realn.bam,Contemporary,Bur,K2,0.5349328
OchCBur064.merged.rmdup.merged.realn.bam,Contemporary,Bur,K3,9.98E-05
OchCBur064.merged.rmdup.merged.realn.bam,Contemporary,Bur,K4,9.98E-05
OchCBur065.merged.rmdup.merged.realn.bam,Contemporary,Bur,K1,0.4927498
OchCBur065.merged.rmdup.merged.realn.bam,Contemporary,Bur,K2,0.5070504
OchCBur065.merged.rmdup.merged.realn.bam,Contemporary,Bur,K3,9.98E-05
OchCBur065.merged.rmdup.merged.realn.bam,Contemporary,Bur,K4,9.98E-05
OchCBur066.merged.rmdup.merged.realn.bam,Contemporary,Bur,K1,0.7216693
OchCBur066.merged.rmdup.merged.realn.bam,Contemporary,Bur,K2,0.278132
OchCBur066.merged.rmdup.merged.realn.bam,Contemporary,Bur,K3,9.94E-05
OchCBur066.merged.rmdup.merged.realn.bam,Contemporary,Bur,K4,9.94E-05
OchCBur067.merged.rmdup.merged.realn.bam,Contemporary,Bur,K1,0.3939976
OchCBur067.merged.rmdup.merged.realn.bam,Contemporary,Bur,K2,0.6058031
OchCBur067.merged.rmdup.merged.realn.bam,Contemporary,Bur,K3,9.97E-05
OchCBur067.merged.rmdup.merged.realn.bam,Contemporary,Bur,K4,9.97E-05
OchCBur069.merged.rmdup.merged.realn.bam,Contemporary,Bur,K1,0.4799191
OchCBur069.merged.rmdup.merged.realn.bam,Contemporary,Bur,K2,0.5198808
OchCBur069.merged.rmdup.merged.realn.bam,Contemporary,Bur,K3,1.00E-04
OchCBur069.merged.rmdup.merged.realn.bam,Contemporary,Bur,K4,1.00E-04
OchCBur070.merged.rmdup.merged.realn.bam,Contemporary,Bur,K1,0.4127542
OchCBur070.merged.rmdup.merged.realn.bam,Contemporary,Bur,K2,0.5870457
OchCBur070.merged.rmdup.merged.realn.bam,Contemporary,Bur,K3,1.00E-04
OchCBur070.merged.rmdup.merged.realn.bam,Contemporary,Bur,K4,1.00E-04
OchCBur071.merged.rmdup.merged.realn.bam,Contemporary,Bur,K1,0.6212941
OchCBur071.merged.rmdup.merged.realn.bam,Contemporary,Bur,K2,0.3785064
OchCBur071.merged.rmdup.merged.realn.bam,Contemporary,Bur,K3,9.97E-05
OchCBur071.merged.rmdup.merged.realn.bam,Contemporary,Bur,K4,9.97E-05
OchCBur072.merged.rmdup.merged.realn.bam,Contemporary,Bur,K1,0.3927883
OchCBur072.merged.rmdup.merged.realn.bam,Contemporary,Bur,K2,0.5994363
OchCBur072.merged.rmdup.merged.realn.bam,Contemporary,Bur,K3,0.0076752
OchCBur072.merged.rmdup.merged.realn.bam,Contemporary,Bur,K4,0.0001001
OchCBur073.merged.rmdup.merged.realn.bam,Contemporary,Bur,K1,0.5242143
OchCBur073.merged.rmdup.merged.realn.bam,Contemporary,Bur,K2,0.4755865
OchCBur073.merged.rmdup.merged.realn.bam,Contemporary,Bur,K3,9.96E-05
OchCBur073.merged.rmdup.merged.realn.bam,Contemporary,Bur,K4,9.96E-05
OchCBur074.merged.rmdup.merged.realn.bam,Contemporary,Bur,K1,0.4004486
OchCBur074.merged.rmdup.merged.realn.bam,Contemporary,Bur,K2,0.5993519
OchCBur074.merged.rmdup.merged.realn.bam,Contemporary,Bur,K3,9.97E-05
OchCBur074.merged.rmdup.merged.realn.bam,Contemporary,Bur,K4,9.97E-05
OchCBur076.merged.rmdup.merged.realn.bam,Contemporary,Bur,K1,0.4516388
OchCBur076.merged.rmdup.merged.realn.bam,Contemporary,Bur,K2,0.5481613
OchCBur076.merged.rmdup.merged.realn.bam,Contemporary,Bur,K3,1.00E-04
OchCBur076.merged.rmdup.merged.realn.bam,Contemporary,Bur,K4,1.00E-04
OchCBur077.merged.rmdup.merged.realn.bam,Contemporary,Bur,K1,0.5881478
OchCBur077.merged.rmdup.merged.realn.bam,Contemporary,Bur,K2,0.411653
OchCBur077.merged.rmdup.merged.realn.bam,Contemporary,Bur,K3,9.96E-05
OchCBur077.merged.rmdup.merged.realn.bam,Contemporary,Bur,K4,9.96E-05
OchCBur078.merged.rmdup.merged.realn.bam,Contemporary,Bur,K1,0.8147427
OchCBur078.merged.rmdup.merged.realn.bam,Contemporary,Bur,K2,0.1850578
OchCBur078.merged.rmdup.merged.realn.bam,Contemporary,Bur,K3,9.97E-05
OchCBur078.merged.rmdup.merged.realn.bam,Contemporary,Bur,K4,9.97E-05
OchCBur079.merged.rmdup.merged.realn.bam,Contemporary,Bur,K1,0.3840629
OchCBur079.merged.rmdup.merged.realn.bam,Contemporary,Bur,K2,0.615737
OchCBur079.merged.rmdup.merged.realn.bam,Contemporary,Bur,K3,1.00E-04
OchCBur079.merged.rmdup.merged.realn.bam,Contemporary,Bur,K4,1.00E-04
OchCBur080.merged.rmdup.merged.realn.bam,Contemporary,Bur,K1,0.4393879
OchCBur080.merged.rmdup.merged.realn.bam,Contemporary,Bur,K2,0.560412
OchCBur080.merged.rmdup.merged.realn.bam,Contemporary,Bur,K3,1.00E-04
OchCBur080.merged.rmdup.merged.realn.bam,Contemporary,Bur,K4,1.00E-04
OchCBur082.merged.rmdup.merged.realn.bam,Contemporary,Bur,K1,0.4262931
OchCBur082.merged.rmdup.merged.realn.bam,Contemporary,Bur,K2,0.5735074
OchCBur082.merged.rmdup.merged.realn.bam,Contemporary,Bur,K3,9.97E-05
OchCBur082.merged.rmdup.merged.realn.bam,Contemporary,Bur,K4,9.97E-05
OchCBur083.merged.rmdup.merged.realn.bam,Contemporary,Bur,K1,0.5876694
OchCBur083.merged.rmdup.merged.realn.bam,Contemporary,Bur,K2,0.4121313
OchCBur083.merged.rmdup.merged.realn.bam,Contemporary,Bur,K3,9.96E-05
OchCBur083.merged.rmdup.merged.realn.bam,Contemporary,Bur,K4,9.96E-05
OchCBur084.merged.rmdup.merged.realn.bam,Contemporary,Bur,K1,0.3420522
OchCBur084.merged.rmdup.merged.realn.bam,Contemporary,Bur,K2,0.6487514
OchCBur084.merged.rmdup.merged.realn.bam,Contemporary,Bur,K3,0.0090962
OchCBur084.merged.rmdup.merged.realn.bam,Contemporary,Bur,K4,0.0001001
OchCBur086.merged.rmdup.merged.realn.bam,Contemporary,Bur,K1,0.4229538
OchCBur086.merged.rmdup.merged.realn.bam,Contemporary,Bur,K2,0.5768459
OchCBur086.merged.rmdup.merged.realn.bam,Contemporary,Bur,K3,0.0001001
OchCBur086.merged.rmdup.merged.realn.bam,Contemporary,Bur,K4,0.0001001
OchCBur087.merged.rmdup.merged.realn.bam,Contemporary,Bur,K1,0.3279541
OchCBur087.merged.rmdup.merged.realn.bam,Contemporary,Bur,K2,0.6625516
OchCBur087.merged.rmdup.merged.realn.bam,Contemporary,Bur,K3,0.0093942
OchCBur087.merged.rmdup.merged.realn.bam,Contemporary,Bur,K4,0.0001001
OchCBur088.merged.rmdup.merged.realn.bam,Contemporary,Bur,K1,0.3692096
OchCBur088.merged.rmdup.merged.realn.bam,Contemporary,Bur,K2,0.6305903
OchCBur088.merged.rmdup.merged.realn.bam,Contemporary,Bur,K3,1.00E-04
OchCBur088.merged.rmdup.merged.realn.bam,Contemporary,Bur,K4,1.00E-04
OchCBur089.merged.rmdup.merged.realn.bam,Contemporary,Bur,K1,0.4805512
OchCBur089.merged.rmdup.merged.realn.bam,Contemporary,Bur,K2,0.5192491
OchCBur089.merged.rmdup.merged.realn.bam,Contemporary,Bur,K3,9.98E-05
OchCBur089.merged.rmdup.merged.realn.bam,Contemporary,Bur,K4,9.98E-05
OchCCat001.merged.rmdup.merged.realn.bam,Contemporary,Cat,K1,0.1126152
OchCCat001.merged.rmdup.merged.realn.bam,Contemporary,Cat,K2,0.8062722
OchCCat001.merged.rmdup.merged.realn.bam,Contemporary,Cat,K3,0.0810125
OchCCat001.merged.rmdup.merged.realn.bam,Contemporary,Cat,K4,0.0001001
OchCCat002.merged.rmdup.merged.realn.bam,Contemporary,Cat,K1,0.4393125
OchCCat002.merged.rmdup.merged.realn.bam,Contemporary,Cat,K2,0.4867595
OchCCat002.merged.rmdup.merged.realn.bam,Contemporary,Cat,K3,0.0738279
OchCCat002.merged.rmdup.merged.realn.bam,Contemporary,Cat,K4,0.0001002
OchCCat003.merged.rmdup.merged.realn.bam,Contemporary,Cat,K1,0.0762936
OchCCat003.merged.rmdup.merged.realn.bam,Contemporary,Cat,K2,0.7610792
OchCCat003.merged.rmdup.merged.realn.bam,Contemporary,Cat,K3,0.1625271
OchCCat003.merged.rmdup.merged.realn.bam,Contemporary,Cat,K4,0.0001001
OchCCat004.merged.rmdup.merged.realn.bam,Contemporary,Cat,K1,0.628026
OchCCat004.merged.rmdup.merged.realn.bam,Contemporary,Cat,K2,0.3179265
OchCCat004.merged.rmdup.merged.realn.bam,Contemporary,Cat,K3,0.0539473
OchCCat004.merged.rmdup.merged.realn.bam,Contemporary,Cat,K4,0.0001002
OchCCat005.merged.rmdup.merged.realn.bam,Contemporary,Cat,K1,0.5775498
OchCCat005.merged.rmdup.merged.realn.bam,Contemporary,Cat,K2,0.3623016
OchCCat005.merged.rmdup.merged.realn.bam,Contemporary,Cat,K3,0.0598712
OchCCat005.merged.rmdup.merged.realn.bam,Contemporary,Cat,K4,0.0002773
OchCCat006.merged.rmdup.merged.realn.bam,Contemporary,Cat,K1,0.516582
OchCCat006.merged.rmdup.merged.realn.bam,Contemporary,Cat,K2,0.4288778
OchCCat006.merged.rmdup.merged.realn.bam,Contemporary,Cat,K3,0.0544399
OchCCat006.merged.rmdup.merged.realn.bam,Contemporary,Cat,K4,0.0001002
OchCCat007.merged.rmdup.merged.realn.bam,Contemporary,Cat,K1,0.2102997
OchCCat007.merged.rmdup.merged.realn.bam,Contemporary,Cat,K2,0.7001997
OchCCat007.merged.rmdup.merged.realn.bam,Contemporary,Cat,K3,0.0894004
OchCCat007.merged.rmdup.merged.realn.bam,Contemporary,Cat,K4,0.0001001
OchCCat008.merged.rmdup.merged.realn.bam,Contemporary,Cat,K1,0.1871253
OchCCat008.merged.rmdup.merged.realn.bam,Contemporary,Cat,K2,0.7162837
OchCCat008.merged.rmdup.merged.realn.bam,Contemporary,Cat,K3,0.0964909
OchCCat008.merged.rmdup.merged.realn.bam,Contemporary,Cat,K4,0.0001001
OchCCat009.merged.rmdup.merged.realn.bam,Contemporary,Cat,K1,0.0475177
OchCCat009.merged.rmdup.merged.realn.bam,Contemporary,Cat,K2,0.789534
OchCCat009.merged.rmdup.merged.realn.bam,Contemporary,Cat,K3,0.1626437
OchCCat009.merged.rmdup.merged.realn.bam,Contemporary,Cat,K4,0.0003047
OchCCat010.merged.rmdup.merged.realn.bam,Contemporary,Cat,K1,0.5409061
OchCCat010.merged.rmdup.merged.realn.bam,Contemporary,Cat,K2,0.3836119
OchCCat010.merged.rmdup.merged.realn.bam,Contemporary,Cat,K3,0.0753817
OchCCat010.merged.rmdup.merged.realn.bam,Contemporary,Cat,K4,0.0001002
OchCCat011.merged.rmdup.merged.realn.bam,Contemporary,Cat,K1,0.0639364
OchCCat011.merged.rmdup.merged.realn.bam,Contemporary,Cat,K2,0.7908517
OchCCat011.merged.rmdup.merged.realn.bam,Contemporary,Cat,K3,0.1451117
OchCCat011.merged.rmdup.merged.realn.bam,Contemporary,Cat,K4,0.0001001
OchCCat012.merged.rmdup.merged.realn.bam,Contemporary,Cat,K1,0.8575329
OchCCat012.merged.rmdup.merged.realn.bam,Contemporary,Cat,K2,0.0949821
OchCCat012.merged.rmdup.merged.realn.bam,Contemporary,Cat,K3,0.0473849
OchCCat012.merged.rmdup.merged.realn.bam,Contemporary,Cat,K4,0.0001001
OchCCat013.merged.rmdup.merged.realn.bam,Contemporary,Cat,K1,0.2949936
OchCCat013.merged.rmdup.merged.realn.bam,Contemporary,Cat,K2,0.6008688
OchCCat013.merged.rmdup.merged.realn.bam,Contemporary,Cat,K3,0.1040375
OchCCat013.merged.rmdup.merged.realn.bam,Contemporary,Cat,K4,0.0001001
OchCCat014.merged.rmdup.merged.realn.bam,Contemporary,Cat,K1,0.299588
OchCCat014.merged.rmdup.merged.realn.bam,Contemporary,Cat,K2,0.6003338
OchCCat014.merged.rmdup.merged.realn.bam,Contemporary,Cat,K3,0.0999781
OchCCat014.merged.rmdup.merged.realn.bam,Contemporary,Cat,K4,0.0001002
OchCCat015.merged.rmdup.merged.realn.bam,Contemporary,Cat,K1,0.8554248
OchCCat015.merged.rmdup.merged.realn.bam,Contemporary,Cat,K2,0.0775036
OchCCat015.merged.rmdup.merged.realn.bam,Contemporary,Cat,K3,0.0668743
OchCCat015.merged.rmdup.merged.realn.bam,Contemporary,Cat,K4,0.0001973
OchCCat016.merged.rmdup.merged.realn.bam,Contemporary,Cat,K1,0.8669481
OchCCat016.merged.rmdup.merged.realn.bam,Contemporary,Cat,K2,0.0553435
OchCCat016.merged.rmdup.merged.realn.bam,Contemporary,Cat,K3,0.0765237
OchCCat016.merged.rmdup.merged.realn.bam,Contemporary,Cat,K4,0.0011847
OchCCat017.merged.rmdup.merged.realn.bam,Contemporary,Cat,K1,0.0626866
OchCCat017.merged.rmdup.merged.realn.bam,Contemporary,Cat,K2,0.8013134
OchCCat017.merged.rmdup.merged.realn.bam,Contemporary,Cat,K3,0.1353204
OchCCat017.merged.rmdup.merged.realn.bam,Contemporary,Cat,K4,0.0006796
OchCCat018.merged.rmdup.merged.realn.bam,Contemporary,Cat,K1,0.8591862
OchCCat018.merged.rmdup.merged.realn.bam,Contemporary,Cat,K2,0.0806308
OchCCat018.merged.rmdup.merged.realn.bam,Contemporary,Cat,K3,0.0598897
OchCCat018.merged.rmdup.merged.realn.bam,Contemporary,Cat,K4,0.0002933
OchCCat019.merged.rmdup.merged.realn.bam,Contemporary,Cat,K1,0.0430448
OchCCat019.merged.rmdup.merged.realn.bam,Contemporary,Cat,K2,0.820485
OchCCat019.merged.rmdup.merged.realn.bam,Contemporary,Cat,K3,0.1361593
OchCCat019.merged.rmdup.merged.realn.bam,Contemporary,Cat,K4,0.0003109
OchCCat020.merged.rmdup.merged.realn.bam,Contemporary,Cat,K1,0.3598921
OchCCat020.merged.rmdup.merged.realn.bam,Contemporary,Cat,K2,0.5931169
OchCCat020.merged.rmdup.merged.realn.bam,Contemporary,Cat,K3,0.0468908
OchCCat020.merged.rmdup.merged.realn.bam,Contemporary,Cat,K4,0.0001002
OchCCat021.merged.rmdup.merged.realn.bam,Contemporary,Cat,K1,0.1992282
OchCCat021.merged.rmdup.merged.realn.bam,Contemporary,Cat,K2,0.6913681
OchCCat021.merged.rmdup.merged.realn.bam,Contemporary,Cat,K3,0.1090106
OchCCat021.merged.rmdup.merged.realn.bam,Contemporary,Cat,K4,0.0003932
OchCCat022.merged.rmdup.merged.realn.bam,Contemporary,Cat,K1,0.8667749
OchCCat022.merged.rmdup.merged.realn.bam,Contemporary,Cat,K2,0.0886738
OchCCat022.merged.rmdup.merged.realn.bam,Contemporary,Cat,K3,0.0444511
OchCCat022.merged.rmdup.merged.realn.bam,Contemporary,Cat,K4,0.0001001
OchCCat023.merged.rmdup.merged.realn.bam,Contemporary,Cat,K1,0.1052799
OchCCat023.merged.rmdup.merged.realn.bam,Contemporary,Cat,K2,0.7633268
OchCCat023.merged.rmdup.merged.realn.bam,Contemporary,Cat,K3,0.1231887
OchCCat023.merged.rmdup.merged.realn.bam,Contemporary,Cat,K4,0.0082046
OchCCat024.merged.rmdup.merged.realn.bam,Contemporary,Cat,K1,0.1141191
OchCCat024.merged.rmdup.merged.realn.bam,Contemporary,Cat,K2,0.7567347
OchCCat024.merged.rmdup.merged.realn.bam,Contemporary,Cat,K3,0.1268941
OchCCat024.merged.rmdup.merged.realn.bam,Contemporary,Cat,K4,0.0022521
OchCCat025.merged.rmdup.merged.realn.bam,Contemporary,Cat,K1,9.99E-05
OchCCat025.merged.rmdup.merged.realn.bam,Contemporary,Cat,K2,0.8627073
OchCCat025.merged.rmdup.merged.realn.bam,Contemporary,Cat,K3,0.1349902
OchCCat025.merged.rmdup.merged.realn.bam,Contemporary,Cat,K4,0.0022025
OchCCat028.merged.rmdup.merged.realn.bam,Contemporary,Cat,K1,0.0521604
OchCCat028.merged.rmdup.merged.realn.bam,Contemporary,Cat,K2,0.8452896
OchCCat028.merged.rmdup.merged.realn.bam,Contemporary,Cat,K3,0.1012026
OchCCat028.merged.rmdup.merged.realn.bam,Contemporary,Cat,K4,0.0013475
OchCCat029.merged.rmdup.merged.realn.bam,Contemporary,Cat,K1,0.0139078
OchCCat029.merged.rmdup.merged.realn.bam,Contemporary,Cat,K2,0.8499225
OchCCat029.merged.rmdup.merged.realn.bam,Contemporary,Cat,K3,0.1341656
OchCCat029.merged.rmdup.merged.realn.bam,Contemporary,Cat,K4,0.002004
OchCCat031.merged.rmdup.merged.realn.bam,Contemporary,Cat,K1,0.6229417
OchCCat031.merged.rmdup.merged.realn.bam,Contemporary,Cat,K2,0.3281425
OchCCat031.merged.rmdup.merged.realn.bam,Contemporary,Cat,K3,0.0488156
OchCCat031.merged.rmdup.merged.realn.bam,Contemporary,Cat,K4,0.0001002
OchCCat035.merged.rmdup.merged.realn.bam,Contemporary,Cat,K1,0.4636029
OchCCat035.merged.rmdup.merged.realn.bam,Contemporary,Cat,K2,0.4669822
OchCCat035.merged.rmdup.merged.realn.bam,Contemporary,Cat,K3,0.0681649
OchCCat035.merged.rmdup.merged.realn.bam,Contemporary,Cat,K4,0.0012501
OchCCat036.merged.rmdup.merged.realn.bam,Contemporary,Cat,K1,0.0220126
OchCCat036.merged.rmdup.merged.realn.bam,Contemporary,Cat,K2,0.8451202
OchCCat036.merged.rmdup.merged.realn.bam,Contemporary,Cat,K3,0.1288301
OchCCat036.merged.rmdup.merged.realn.bam,Contemporary,Cat,K4,0.0040371
OchCCat037.merged.rmdup.merged.realn.bam,Contemporary,Cat,K1,0.019508
OchCCat037.merged.rmdup.merged.realn.bam,Contemporary,Cat,K2,0.8449452
OchCCat037.merged.rmdup.merged.realn.bam,Contemporary,Cat,K3,0.1342275
OchCCat037.merged.rmdup.merged.realn.bam,Contemporary,Cat,K4,0.0013193
OchCCat038.merged.rmdup.merged.realn.bam,Contemporary,Cat,K1,0.0092761
OchCCat038.merged.rmdup.merged.realn.bam,Contemporary,Cat,K2,0.8262639
OchCCat038.merged.rmdup.merged.realn.bam,Contemporary,Cat,K3,0.1629046
OchCCat038.merged.rmdup.merged.realn.bam,Contemporary,Cat,K4,0.0015554
OchCCat047.merged.rmdup.merged.realn.bam,Contemporary,Cat,K1,0.3837185
OchCCat047.merged.rmdup.merged.realn.bam,Contemporary,Cat,K2,0.580979
OchCCat047.merged.rmdup.merged.realn.bam,Contemporary,Cat,K3,0.0352023
OchCCat047.merged.rmdup.merged.realn.bam,Contemporary,Cat,K4,0.0001001
OchCCat051.merged.rmdup.merged.realn.bam,Contemporary,Cat,K1,0.1333252
OchCCat051.merged.rmdup.merged.realn.bam,Contemporary,Cat,K2,0.7499745
OchCCat051.merged.rmdup.merged.realn.bam,Contemporary,Cat,K3,0.1141592
OchCCat051.merged.rmdup.merged.realn.bam,Contemporary,Cat,K4,0.0025411
OchCCat059.merged.rmdup.merged.realn.bam,Contemporary,Cat,K1,9.89E-05
OchCCat059.merged.rmdup.merged.realn.bam,Contemporary,Cat,K2,0.7906041
OchCCat059.merged.rmdup.merged.realn.bam,Contemporary,Cat,K3,0.205423
OchCCat059.merged.rmdup.merged.realn.bam,Contemporary,Cat,K4,0.003874
OchCCat063.merged.rmdup.merged.realn.bam,Contemporary,Cat,K1,0.1465516
OchCCat063.merged.rmdup.merged.realn.bam,Contemporary,Cat,K2,0.7782075
OchCCat063.merged.rmdup.merged.realn.bam,Contemporary,Cat,K3,0.0729829
OchCCat063.merged.rmdup.merged.realn.bam,Contemporary,Cat,K4,0.0022579
OchCCat065.merged.rmdup.merged.realn.bam,Contemporary,Cat,K1,0.0558488
OchCCat065.merged.rmdup.merged.realn.bam,Contemporary,Cat,K2,0.8416361
OchCCat065.merged.rmdup.merged.realn.bam,Contemporary,Cat,K3,0.1002565
OchCCat065.merged.rmdup.merged.realn.bam,Contemporary,Cat,K4,0.0022586
OchCCat066.merged.rmdup.merged.realn.bam,Contemporary,Cat,K1,0.1507601
OchCCat066.merged.rmdup.merged.realn.bam,Contemporary,Cat,K2,0.7652237
OchCCat066.merged.rmdup.merged.realn.bam,Contemporary,Cat,K3,0.083916
OchCCat066.merged.rmdup.merged.realn.bam,Contemporary,Cat,K4,0.0001001
OchCCat068.merged.rmdup.merged.realn.bam,Contemporary,Cat,K1,0.8970826
OchCCat068.merged.rmdup.merged.realn.bam,Contemporary,Cat,K2,0.0675115
OchCCat068.merged.rmdup.merged.realn.bam,Contemporary,Cat,K3,0.0337099
OchCCat068.merged.rmdup.merged.realn.bam,Contemporary,Cat,K4,0.0016961
OchCCat069.merged.rmdup.merged.realn.bam,Contemporary,Cat,K1,0.175517
OchCCat069.merged.rmdup.merged.realn.bam,Contemporary,Cat,K2,0.7310236
OchCCat069.merged.rmdup.merged.realn.bam,Contemporary,Cat,K3,0.0933593
OchCCat069.merged.rmdup.merged.realn.bam,Contemporary,Cat,K4,0.0001001
OchCCat070.merged.rmdup.merged.realn.bam,Contemporary,Cat,K1,0.8957571
OchCCat070.merged.rmdup.merged.realn.bam,Contemporary,Cat,K2,0.0362083
OchCCat070.merged.rmdup.merged.realn.bam,Contemporary,Cat,K3,0.0649212
OchCCat070.merged.rmdup.merged.realn.bam,Contemporary,Cat,K4,0.0031133
OchCCat071.merged.rmdup.merged.realn.bam,Contemporary,Cat,K1,0.8648983
OchCCat071.merged.rmdup.merged.realn.bam,Contemporary,Cat,K2,0.083478
OchCCat071.merged.rmdup.merged.realn.bam,Contemporary,Cat,K3,0.0515236
OchCCat071.merged.rmdup.merged.realn.bam,Contemporary,Cat,K4,0.0001001
OchCCat072.merged.rmdup.merged.realn.bam,Contemporary,Cat,K1,0.076313
OchCCat072.merged.rmdup.merged.realn.bam,Contemporary,Cat,K2,0.7782673
OchCCat072.merged.rmdup.merged.realn.bam,Contemporary,Cat,K3,0.1441482
OchCCat072.merged.rmdup.merged.realn.bam,Contemporary,Cat,K4,0.0012715
OchCCat074.merged.rmdup.merged.realn.bam,Contemporary,Cat,K1,0.7038101
OchCCat074.merged.rmdup.merged.realn.bam,Contemporary,Cat,K2,0.2731567
OchCCat074.merged.rmdup.merged.realn.bam,Contemporary,Cat,K3,0.0229331
OchCCat074.merged.rmdup.merged.realn.bam,Contemporary,Cat,K4,0.0001001
OchCCat075.merged.rmdup.merged.realn.bam,Contemporary,Cat,K1,0.126042
OchCCat075.merged.rmdup.merged.realn.bam,Contemporary,Cat,K2,0.8034584
OchCCat075.merged.rmdup.merged.realn.bam,Contemporary,Cat,K3,0.0699413
OchCCat075.merged.rmdup.merged.realn.bam,Contemporary,Cat,K4,0.0005583
OchCCat076.merged.rmdup.merged.realn.bam,Contemporary,Cat,K1,0.8753079
OchCCat076.merged.rmdup.merged.realn.bam,Contemporary,Cat,K2,0.0761428
OchCCat076.merged.rmdup.merged.realn.bam,Contemporary,Cat,K3,0.0481622
OchCCat076.merged.rmdup.merged.realn.bam,Contemporary,Cat,K4,0.000387
OchCCat077.merged.rmdup.merged.realn.bam,Contemporary,Cat,K1,0.1498828
OchCCat077.merged.rmdup.merged.realn.bam,Contemporary,Cat,K2,0.791539
OchCCat077.merged.rmdup.merged.realn.bam,Contemporary,Cat,K3,0.0584781
OchCCat077.merged.rmdup.merged.realn.bam,Contemporary,Cat,K4,0.0001001
OchCCat079.merged.rmdup.merged.realn.bam,Contemporary,Cat,K1,0.282364
OchCCat079.merged.rmdup.merged.realn.bam,Contemporary,Cat,K2,0.6430117
OchCCat079.merged.rmdup.merged.realn.bam,Contemporary,Cat,K3,0.0745241
OchCCat079.merged.rmdup.merged.realn.bam,Contemporary,Cat,K4,0.0001001
OchCCat080.merged.rmdup.merged.realn.bam,Contemporary,Cat,K1,0.8843204
OchCCat080.merged.rmdup.merged.realn.bam,Contemporary,Cat,K2,0.0326684
OchCCat080.merged.rmdup.merged.realn.bam,Contemporary,Cat,K3,0.0817965
OchCCat080.merged.rmdup.merged.realn.bam,Contemporary,Cat,K4,0.0012146
OchCCat081.merged.rmdup.merged.realn.bam,Contemporary,Cat,K1,0.8692711
OchCCat081.merged.rmdup.merged.realn.bam,Contemporary,Cat,K2,0.066296
OchCCat081.merged.rmdup.merged.realn.bam,Contemporary,Cat,K3,0.0633555
OchCCat081.merged.rmdup.merged.realn.bam,Contemporary,Cat,K4,0.0010774
OchCCat082.merged.rmdup.merged.realn.bam,Contemporary,Cat,K1,0.7770137
OchCCat082.merged.rmdup.merged.realn.bam,Contemporary,Cat,K2,0.2156756
OchCCat082.merged.rmdup.merged.realn.bam,Contemporary,Cat,K3,0.0072105
OchCCat082.merged.rmdup.merged.realn.bam,Contemporary,Cat,K4,0.0001002
OchCCat083.merged.rmdup.merged.realn.bam,Contemporary,Cat,K1,0.1798902
OchCCat083.merged.rmdup.merged.realn.bam,Contemporary,Cat,K2,0.769495
OchCCat083.merged.rmdup.merged.realn.bam,Contemporary,Cat,K3,0.0505089
OchCCat083.merged.rmdup.merged.realn.bam,Contemporary,Cat,K4,0.0001059
OchCCat084.merged.rmdup.merged.realn.bam,Contemporary,Cat,K1,0.1443331
OchCCat084.merged.rmdup.merged.realn.bam,Contemporary,Cat,K2,0.7351063
OchCCat084.merged.rmdup.merged.realn.bam,Contemporary,Cat,K3,0.1204604
OchCCat084.merged.rmdup.merged.realn.bam,Contemporary,Cat,K4,0.0001001
OchCCat085.merged.rmdup.merged.realn.bam,Contemporary,Cat,K1,0.7028698
OchCCat085.merged.rmdup.merged.realn.bam,Contemporary,Cat,K2,0.2909145
OchCCat085.merged.rmdup.merged.realn.bam,Contemporary,Cat,K3,0.0061155
OchCCat085.merged.rmdup.merged.realn.bam,Contemporary,Cat,K4,0.0001002
OchCCat086.merged.rmdup.merged.realn.bam,Contemporary,Cat,K1,0.8585077
OchCCat086.merged.rmdup.merged.realn.bam,Contemporary,Cat,K2,0.1067831
OchCCat086.merged.rmdup.merged.realn.bam,Contemporary,Cat,K3,0.0340752
OchCCat086.merged.rmdup.merged.realn.bam,Contemporary,Cat,K4,0.0006339
OchCCat087.merged.rmdup.merged.realn.bam,Contemporary,Cat,K1,0.8686416
OchCCat087.merged.rmdup.merged.realn.bam,Contemporary,Cat,K2,0.0970138
OchCCat087.merged.rmdup.merged.realn.bam,Contemporary,Cat,K3,0.0342444
OchCCat087.merged.rmdup.merged.realn.bam,Contemporary,Cat,K4,0.0001001
OchCCat088.merged.rmdup.merged.realn.bam,Contemporary,Cat,K1,0.8782961
OchCCat088.merged.rmdup.merged.realn.bam,Contemporary,Cat,K2,0.0728144
OchCCat088.merged.rmdup.merged.realn.bam,Contemporary,Cat,K3,0.0478572
OchCCat088.merged.rmdup.merged.realn.bam,Contemporary,Cat,K4,0.0010323
OchCCat090.merged.rmdup.merged.realn.bam,Contemporary,Cat,K1,0.2223243
OchCCat090.merged.rmdup.merged.realn.bam,Contemporary,Cat,K2,0.6764328
OchCCat090.merged.rmdup.merged.realn.bam,Contemporary,Cat,K3,0.1011428
OchCCat090.merged.rmdup.merged.realn.bam,Contemporary,Cat,K4,0.0001001
OchCCat091.merged.rmdup.merged.realn.bam,Contemporary,Cat,K1,0.8706185
OchCCat091.merged.rmdup.merged.realn.bam,Contemporary,Cat,K2,0.0552752
OchCCat091.merged.rmdup.merged.realn.bam,Contemporary,Cat,K3,0.0735343
OchCCat091.merged.rmdup.merged.realn.bam,Contemporary,Cat,K4,0.000572
OchCCat092.merged.rmdup.merged.realn.bam,Contemporary,Cat,K1,0.0901005
OchCCat092.merged.rmdup.merged.realn.bam,Contemporary,Cat,K2,0.7661492
OchCCat092.merged.rmdup.merged.realn.bam,Contemporary,Cat,K3,0.1435467
OchCCat092.merged.rmdup.merged.realn.bam,Contemporary,Cat,K4,0.0002035
OchCCat094.merged.rmdup.merged.realn.bam,Contemporary,Cat,K1,9.96E-05
OchCCat094.merged.rmdup.merged.realn.bam,Contemporary,Cat,K2,0.810429
OchCCat094.merged.rmdup.merged.realn.bam,Contemporary,Cat,K3,0.1873372
OchCCat094.merged.rmdup.merged.realn.bam,Contemporary,Cat,K4,0.0021343
OchCCat095.merged.rmdup.merged.realn.bam,Contemporary,Cat,K1,9.97E-05
OchCCat095.merged.rmdup.merged.realn.bam,Contemporary,Cat,K2,0.8050323
OchCCat095.merged.rmdup.merged.realn.bam,Contemporary,Cat,K3,0.1928566
OchCCat095.merged.rmdup.merged.realn.bam,Contemporary,Cat,K4,0.0020114
OchCCat096.merged.rmdup.merged.realn.bam,Contemporary,Cat,K1,0.662194
OchCCat096.merged.rmdup.merged.realn.bam,Contemporary,Cat,K2,0.2969344
OchCCat096.merged.rmdup.merged.realn.bam,Contemporary,Cat,K3,0.0407714
OchCCat096.merged.rmdup.merged.realn.bam,Contemporary,Cat,K4,0.0001001
OchCTum001.merged.rmdup.merged.realn.bam,Contemporary,Tum,K1,0.9210432
OchCTum001.merged.rmdup.merged.realn.bam,Contemporary,Tum,K2,0.0617111
OchCTum001.merged.rmdup.merged.realn.bam,Contemporary,Tum,K3,0.0159199
OchCTum001.merged.rmdup.merged.realn.bam,Contemporary,Tum,K4,0.0013259
OchCTum002.merged.rmdup.merged.realn.bam,Contemporary,Tum,K1,0.9139592
OchCTum002.merged.rmdup.merged.realn.bam,Contemporary,Tum,K2,0.0587716
OchCTum002.merged.rmdup.merged.realn.bam,Contemporary,Tum,K3,0.0262492
OchCTum002.merged.rmdup.merged.realn.bam,Contemporary,Tum,K4,0.00102
OchCTum003.merged.rmdup.merged.realn.bam,Contemporary,Tum,K1,0.9336784
OchCTum003.merged.rmdup.merged.realn.bam,Contemporary,Tum,K2,0.0651362
OchCTum003.merged.rmdup.merged.realn.bam,Contemporary,Tum,K3,9.93E-05
OchCTum003.merged.rmdup.merged.realn.bam,Contemporary,Tum,K4,0.0010862
OchCTum004.merged.rmdup.merged.realn.bam,Contemporary,Tum,K1,0.8842589
OchCTum004.merged.rmdup.merged.realn.bam,Contemporary,Tum,K2,0.1154401
OchCTum004.merged.rmdup.merged.realn.bam,Contemporary,Tum,K3,9.96E-05
OchCTum004.merged.rmdup.merged.realn.bam,Contemporary,Tum,K4,0.0002014
OchCTum005.merged.rmdup.merged.realn.bam,Contemporary,Tum,K1,0.9029174
OchCTum005.merged.rmdup.merged.realn.bam,Contemporary,Tum,K2,0.0319457
OchCTum005.merged.rmdup.merged.realn.bam,Contemporary,Tum,K3,0.0633896
OchCTum005.merged.rmdup.merged.realn.bam,Contemporary,Tum,K4,0.0017473
OchCTum006.merged.rmdup.merged.realn.bam,Contemporary,Tum,K1,0.9057188
OchCTum006.merged.rmdup.merged.realn.bam,Contemporary,Tum,K2,0.0307657
OchCTum006.merged.rmdup.merged.realn.bam,Contemporary,Tum,K3,0.0613679
OchCTum006.merged.rmdup.merged.realn.bam,Contemporary,Tum,K4,0.0021477
OchCTum007.merged.rmdup.merged.realn.bam,Contemporary,Tum,K1,0.8967918
OchCTum007.merged.rmdup.merged.realn.bam,Contemporary,Tum,K2,0.0359903
OchCTum007.merged.rmdup.merged.realn.bam,Contemporary,Tum,K3,0.0653994
OchCTum007.merged.rmdup.merged.realn.bam,Contemporary,Tum,K4,0.0018185
OchCTum008.merged.rmdup.merged.realn.bam,Contemporary,Tum,K1,0.8990444
OchCTum008.merged.rmdup.merged.realn.bam,Contemporary,Tum,K2,0.0618165
OchCTum008.merged.rmdup.merged.realn.bam,Contemporary,Tum,K3,0.0380565
OchCTum008.merged.rmdup.merged.realn.bam,Contemporary,Tum,K4,0.0010825
OchCTum009.merged.rmdup.merged.realn.bam,Contemporary,Tum,K1,0.8898919
OchCTum009.merged.rmdup.merged.realn.bam,Contemporary,Tum,K2,0.0001003
OchCTum009.merged.rmdup.merged.realn.bam,Contemporary,Tum,K3,0.1059354
OchCTum009.merged.rmdup.merged.realn.bam,Contemporary,Tum,K4,0.0040723
OchCTum010.merged.rmdup.merged.realn.bam,Contemporary,Tum,K1,0.9361185
OchCTum010.merged.rmdup.merged.realn.bam,Contemporary,Tum,K2,0.0055534
OchCTum010.merged.rmdup.merged.realn.bam,Contemporary,Tum,K3,0.055202
OchCTum010.merged.rmdup.merged.realn.bam,Contemporary,Tum,K4,0.0031261
OchCTum011.merged.rmdup.merged.realn.bam,Contemporary,Tum,K1,0.906162
OchCTum011.merged.rmdup.merged.realn.bam,Contemporary,Tum,K2,0.0001004
OchCTum011.merged.rmdup.merged.realn.bam,Contemporary,Tum,K3,0.0894908
OchCTum011.merged.rmdup.merged.realn.bam,Contemporary,Tum,K4,0.0042468
OchCTum012.merged.rmdup.merged.realn.bam,Contemporary,Tum,K1,0.9455329
OchCTum012.merged.rmdup.merged.realn.bam,Contemporary,Tum,K2,0.0001001
OchCTum012.merged.rmdup.merged.realn.bam,Contemporary,Tum,K3,0.0511123
OchCTum012.merged.rmdup.merged.realn.bam,Contemporary,Tum,K4,0.0032548
OchCTum013.merged.rmdup.merged.realn.bam,Contemporary,Tum,K1,0.9488162
OchCTum013.merged.rmdup.merged.realn.bam,Contemporary,Tum,K2,0.0493392
OchCTum013.merged.rmdup.merged.realn.bam,Contemporary,Tum,K3,9.97E-05
OchCTum013.merged.rmdup.merged.realn.bam,Contemporary,Tum,K4,0.0017449
OchCTum014.merged.rmdup.merged.realn.bam,Contemporary,Tum,K1,0.9242316
OchCTum014.merged.rmdup.merged.realn.bam,Contemporary,Tum,K2,0.0001001
OchCTum014.merged.rmdup.merged.realn.bam,Contemporary,Tum,K3,0.072432
OchCTum014.merged.rmdup.merged.realn.bam,Contemporary,Tum,K4,0.0032361
OchCTum015.merged.rmdup.merged.realn.bam,Contemporary,Tum,K1,0.8783016
OchCTum015.merged.rmdup.merged.realn.bam,Contemporary,Tum,K2,0.0001002
OchCTum015.merged.rmdup.merged.realn.bam,Contemporary,Tum,K3,0.1163491
OchCTum015.merged.rmdup.merged.realn.bam,Contemporary,Tum,K4,0.005249
OchCTum016.merged.rmdup.merged.realn.bam,Contemporary,Tum,K1,0.9228852
OchCTum016.merged.rmdup.merged.realn.bam,Contemporary,Tum,K2,0.0001002
OchCTum016.merged.rmdup.merged.realn.bam,Contemporary,Tum,K3,0.0744436
OchCTum016.merged.rmdup.merged.realn.bam,Contemporary,Tum,K4,0.0025709
OchCTum017.merged.rmdup.merged.realn.bam,Contemporary,Tum,K1,0.9059958
OchCTum017.merged.rmdup.merged.realn.bam,Contemporary,Tum,K2,0.0931363
OchCTum017.merged.rmdup.merged.realn.bam,Contemporary,Tum,K3,9.93E-05
OchCTum017.merged.rmdup.merged.realn.bam,Contemporary,Tum,K4,0.0007687
OchCTum018.merged.rmdup.merged.realn.bam,Contemporary,Tum,K1,0.9171349
OchCTum018.merged.rmdup.merged.realn.bam,Contemporary,Tum,K2,0.0364849
OchCTum018.merged.rmdup.merged.realn.bam,Contemporary,Tum,K3,0.0449679
OchCTum018.merged.rmdup.merged.realn.bam,Contemporary,Tum,K4,0.0014123
OchCTum019.merged.rmdup.merged.realn.bam,Contemporary,Tum,K1,0.9133682
OchCTum019.merged.rmdup.merged.realn.bam,Contemporary,Tum,K2,0.0852975
OchCTum019.merged.rmdup.merged.realn.bam,Contemporary,Tum,K3,1.00E-04
OchCTum019.merged.rmdup.merged.realn.bam,Contemporary,Tum,K4,0.0012343
OchCTum020.merged.rmdup.merged.realn.bam,Contemporary,Tum,K1,0.7954805
OchCTum020.merged.rmdup.merged.realn.bam,Contemporary,Tum,K2,0.2043227
OchCTum020.merged.rmdup.merged.realn.bam,Contemporary,Tum,K3,9.83E-05
OchCTum020.merged.rmdup.merged.realn.bam,Contemporary,Tum,K4,9.83E-05
OchCTum021.merged.rmdup.merged.realn.bam,Contemporary,Tum,K1,0.8008726
OchCTum021.merged.rmdup.merged.realn.bam,Contemporary,Tum,K2,0.1989294
OchCTum021.merged.rmdup.merged.realn.bam,Contemporary,Tum,K3,9.90E-05
OchCTum021.merged.rmdup.merged.realn.bam,Contemporary,Tum,K4,9.90E-05
OchCTum022.merged.rmdup.merged.realn.bam,Contemporary,Tum,K1,0.8911389
OchCTum022.merged.rmdup.merged.realn.bam,Contemporary,Tum,K2,0.0001001
OchCTum022.merged.rmdup.merged.realn.bam,Contemporary,Tum,K3,0.1063003
OchCTum022.merged.rmdup.merged.realn.bam,Contemporary,Tum,K4,0.0024607
OchCTum023.merged.rmdup.merged.realn.bam,Contemporary,Tum,K1,0.9005355
OchCTum023.merged.rmdup.merged.realn.bam,Contemporary,Tum,K2,0.0013399
OchCTum023.merged.rmdup.merged.realn.bam,Contemporary,Tum,K3,0.0961005
OchCTum023.merged.rmdup.merged.realn.bam,Contemporary,Tum,K4,0.0020241
OchCTum024.merged.rmdup.merged.realn.bam,Contemporary,Tum,K1,0.7833796
OchCTum024.merged.rmdup.merged.realn.bam,Contemporary,Tum,K2,0.2164238
OchCTum024.merged.rmdup.merged.realn.bam,Contemporary,Tum,K3,9.83E-05
OchCTum024.merged.rmdup.merged.realn.bam,Contemporary,Tum,K4,9.83E-05
OchCTum025.merged.rmdup.merged.realn.bam,Contemporary,Tum,K1,0.7769447
OchCTum025.merged.rmdup.merged.realn.bam,Contemporary,Tum,K2,0.2228588
OchCTum025.merged.rmdup.merged.realn.bam,Contemporary,Tum,K3,9.82E-05
OchCTum025.merged.rmdup.merged.realn.bam,Contemporary,Tum,K4,9.82E-05
OchCTum026.merged.rmdup.merged.realn.bam,Contemporary,Tum,K1,0.9067391
OchCTum026.merged.rmdup.merged.realn.bam,Contemporary,Tum,K2,0.0466169
OchCTum026.merged.rmdup.merged.realn.bam,Contemporary,Tum,K3,0.0449199
OchCTum026.merged.rmdup.merged.realn.bam,Contemporary,Tum,K4,0.0017241
OchCTum027.merged.rmdup.merged.realn.bam,Contemporary,Tum,K1,0.9255092
OchCTum027.merged.rmdup.merged.realn.bam,Contemporary,Tum,K2,0.0142691
OchCTum027.merged.rmdup.merged.realn.bam,Contemporary,Tum,K3,0.0584935
OchCTum027.merged.rmdup.merged.realn.bam,Contemporary,Tum,K4,0.0017282
OchCTum028.merged.rmdup.merged.realn.bam,Contemporary,Tum,K1,0.908807
OchCTum028.merged.rmdup.merged.realn.bam,Contemporary,Tum,K2,0.0327445
OchCTum028.merged.rmdup.merged.realn.bam,Contemporary,Tum,K3,0.0567251
OchCTum028.merged.rmdup.merged.realn.bam,Contemporary,Tum,K4,0.0017234
OchCTum029.merged.rmdup.merged.realn.bam,Contemporary,Tum,K1,0.9054235
OchCTum029.merged.rmdup.merged.realn.bam,Contemporary,Tum,K2,0.0594628
OchCTum029.merged.rmdup.merged.realn.bam,Contemporary,Tum,K3,0.0337142
OchCTum029.merged.rmdup.merged.realn.bam,Contemporary,Tum,K4,0.0013994
OchCTum030.merged.rmdup.merged.realn.bam,Contemporary,Tum,K1,0.8879839
OchCTum030.merged.rmdup.merged.realn.bam,Contemporary,Tum,K2,0.11082
OchCTum030.merged.rmdup.merged.realn.bam,Contemporary,Tum,K3,9.96E-05
OchCTum030.merged.rmdup.merged.realn.bam,Contemporary,Tum,K4,0.0010965
OchCTum031.merged.rmdup.merged.realn.bam,Contemporary,Tum,K1,0.9076075
OchCTum031.merged.rmdup.merged.realn.bam,Contemporary,Tum,K2,0.0522495
OchCTum031.merged.rmdup.merged.realn.bam,Contemporary,Tum,K3,0.0393904
OchCTum031.merged.rmdup.merged.realn.bam,Contemporary,Tum,K4,0.0007526
OchCTum032.merged.rmdup.merged.realn.bam,Contemporary,Tum,K1,0.898008
OchCTum032.merged.rmdup.merged.realn.bam,Contemporary,Tum,K2,0.0775109
OchCTum032.merged.rmdup.merged.realn.bam,Contemporary,Tum,K3,0.023412
OchCTum032.merged.rmdup.merged.realn.bam,Contemporary,Tum,K4,0.0010691
OchCTum033.merged.rmdup.merged.realn.bam,Contemporary,Tum,K1,0.8843029
OchCTum033.merged.rmdup.merged.realn.bam,Contemporary,Tum,K2,0.0001004
OchCTum033.merged.rmdup.merged.realn.bam,Contemporary,Tum,K3,0.1101313
OchCTum033.merged.rmdup.merged.realn.bam,Contemporary,Tum,K4,0.0054653
OchCTum034.merged.rmdup.merged.realn.bam,Contemporary,Tum,K1,0.9003436
OchCTum034.merged.rmdup.merged.realn.bam,Contemporary,Tum,K2,0.0001005
OchCTum034.merged.rmdup.merged.realn.bam,Contemporary,Tum,K3,0.0962514
OchCTum034.merged.rmdup.merged.realn.bam,Contemporary,Tum,K4,0.0033044
OchCTum035.merged.rmdup.merged.realn.bam,Contemporary,Tum,K1,0.8723435
OchCTum035.merged.rmdup.merged.realn.bam,Contemporary,Tum,K2,0.0001004
OchCTum035.merged.rmdup.merged.realn.bam,Contemporary,Tum,K3,0.1203172
OchCTum035.merged.rmdup.merged.realn.bam,Contemporary,Tum,K4,0.007239
OchCTum036.merged.rmdup.merged.realn.bam,Contemporary,Tum,K1,0.8599764
OchCTum036.merged.rmdup.merged.realn.bam,Contemporary,Tum,K2,0.0001006
OchCTum036.merged.rmdup.merged.realn.bam,Contemporary,Tum,K3,0.1339381
OchCTum036.merged.rmdup.merged.realn.bam,Contemporary,Tum,K4,0.005985
OchCTum037.merged.rmdup.merged.realn.bam,Contemporary,Tum,K1,0.8757876
OchCTum037.merged.rmdup.merged.realn.bam,Contemporary,Tum,K2,0.0001005
OchCTum037.merged.rmdup.merged.realn.bam,Contemporary,Tum,K3,0.118368
OchCTum037.merged.rmdup.merged.realn.bam,Contemporary,Tum,K4,0.0057439
OchCTum038.merged.rmdup.merged.realn.bam,Contemporary,Tum,K1,0.8718069
OchCTum038.merged.rmdup.merged.realn.bam,Contemporary,Tum,K2,0.0001004
OchCTum038.merged.rmdup.merged.realn.bam,Contemporary,Tum,K3,0.1260777
OchCTum038.merged.rmdup.merged.realn.bam,Contemporary,Tum,K4,0.002015
OchCTum039.merged.rmdup.merged.realn.bam,Contemporary,Tum,K1,0.7662224
OchCTum039.merged.rmdup.merged.realn.bam,Contemporary,Tum,K2,0.2333374
OchCTum039.merged.rmdup.merged.realn.bam,Contemporary,Tum,K3,9.90E-05
OchCTum039.merged.rmdup.merged.realn.bam,Contemporary,Tum,K4,0.0003412
OchCTum040.merged.rmdup.merged.realn.bam,Contemporary,Tum,K1,0.8511686
OchCTum040.merged.rmdup.merged.realn.bam,Contemporary,Tum,K2,0.0001004
OchCTum040.merged.rmdup.merged.realn.bam,Contemporary,Tum,K3,0.1422591
OchCTum040.merged.rmdup.merged.realn.bam,Contemporary,Tum,K4,0.0064719
OchCTum041.merged.rmdup.merged.realn.bam,Contemporary,Tum,K1,0.9379252
OchCTum041.merged.rmdup.merged.realn.bam,Contemporary,Tum,K2,0.0001002
OchCTum041.merged.rmdup.merged.realn.bam,Contemporary,Tum,K3,0.0580035
OchCTum041.merged.rmdup.merged.realn.bam,Contemporary,Tum,K4,0.0039711
OchCTum042.merged.rmdup.merged.realn.bam,Contemporary,Tum,K1,0.8687794
OchCTum042.merged.rmdup.merged.realn.bam,Contemporary,Tum,K2,0.0001003
OchCTum042.merged.rmdup.merged.realn.bam,Contemporary,Tum,K3,0.1235553
OchCTum042.merged.rmdup.merged.realn.bam,Contemporary,Tum,K4,0.007565
OchCTum043.merged.rmdup.merged.realn.bam,Contemporary,Tum,K1,0.9371767
OchCTum043.merged.rmdup.merged.realn.bam,Contemporary,Tum,K2,0.0001003
OchCTum043.merged.rmdup.merged.realn.bam,Contemporary,Tum,K3,0.0584692
OchCTum043.merged.rmdup.merged.realn.bam,Contemporary,Tum,K4,0.0042538
OchCTum044.merged.rmdup.merged.realn.bam,Contemporary,Tum,K1,0.8557667
OchCTum044.merged.rmdup.merged.realn.bam,Contemporary,Tum,K2,0.0001001
OchCTum044.merged.rmdup.merged.realn.bam,Contemporary,Tum,K3,0.1363564
OchCTum044.merged.rmdup.merged.realn.bam,Contemporary,Tum,K4,0.0077767
OchCTum045.merged.rmdup.merged.realn.bam,Contemporary,Tum,K1,0.9620622
OchCTum045.merged.rmdup.merged.realn.bam,Contemporary,Tum,K2,0.0135791
OchCTum045.merged.rmdup.merged.realn.bam,Contemporary,Tum,K3,0.0217368
OchCTum045.merged.rmdup.merged.realn.bam,Contemporary,Tum,K4,0.0026218
OchCTum047.merged.rmdup.merged.realn.bam,Contemporary,Tum,K1,0.8843536
OchCTum047.merged.rmdup.merged.realn.bam,Contemporary,Tum,K2,0.0029449
OchCTum047.merged.rmdup.merged.realn.bam,Contemporary,Tum,K3,0.1052742
OchCTum047.merged.rmdup.merged.realn.bam,Contemporary,Tum,K4,0.0074273
OchCTum048.merged.rmdup.merged.realn.bam,Contemporary,Tum,K1,0.8968521
OchCTum048.merged.rmdup.merged.realn.bam,Contemporary,Tum,K2,0.0001001
OchCTum048.merged.rmdup.merged.realn.bam,Contemporary,Tum,K3,0.0959095
OchCTum048.merged.rmdup.merged.realn.bam,Contemporary,Tum,K4,0.0071382
OchCTum049.merged.rmdup.merged.realn.bam,Contemporary,Tum,K1,0.9826392
OchCTum049.merged.rmdup.merged.realn.bam,Contemporary,Tum,K2,0.0091512
OchCTum049.merged.rmdup.merged.realn.bam,Contemporary,Tum,K3,0.0040573
OchCTum049.merged.rmdup.merged.realn.bam,Contemporary,Tum,K4,0.0041524
OchCTum050.merged.rmdup.merged.realn.bam,Contemporary,Tum,K1,0.5462786
OchCTum050.merged.rmdup.merged.realn.bam,Contemporary,Tum,K2,0.2201478
OchCTum050.merged.rmdup.merged.realn.bam,Contemporary,Tum,K3,0.1696554
OchCTum050.merged.rmdup.merged.realn.bam,Contemporary,Tum,K4,0.0639181
OchCTum051.merged.rmdup.merged.realn.bam,Contemporary,Tum,K1,0.6558015
OchCTum051.merged.rmdup.merged.realn.bam,Contemporary,Tum,K2,0.1036616
OchCTum051.merged.rmdup.merged.realn.bam,Contemporary,Tum,K3,0.1886904
OchCTum051.merged.rmdup.merged.realn.bam,Contemporary,Tum,K4,0.0518465
