sample_id,sample,era,location,cluster,prop
OchACan001,OchACan001.merged.rmdup.merged.realn.rescaled.bam,Historical,Can,K2,0.014509900000000001
OchACan001,OchACan001.merged.rmdup.merged.realn.rescaled.bam,Historical,Can,K3,9.89e-5
OchACan001,OchACan001.merged.rmdup.merged.realn.rescaled.bam,Historical,Can,K4,0.9853912
OchACan002,OchACan002.merged.rmdup.merged.realn.rescaled.bam,Historical,Can,K2,0.012064
OchACan002,OchACan002.merged.rmdup.merged.realn.rescaled.bam,Historical,Can,K3,9.93e-5
OchACan002,OchACan002.merged.rmdup.merged.realn.rescaled.bam,Historical,Can,K4,0.9878367
OchACan003,OchACan003.merged.rmdup.merged.realn.rescaled.bam,Historical,Can,K2,0.015882999999999998
OchACan003,OchACan003.merged.rmdup.merged.realn.rescaled.bam,Historical,Can,K3,9.89e-5
OchACan003,OchACan003.merged.rmdup.merged.realn.rescaled.bam,Historical,Can,K4,0.9840181
OchACan004,OchACan004.merged.rmdup.merged.realn.rescaled.bam,Historical,Can,K2,0.0162303
OchACan004,OchACan004.merged.rmdup.merged.realn.rescaled.bam,Historical,Can,K3,9.92e-5
OchACan004,OchACan004.merged.rmdup.merged.realn.rescaled.bam,Historical,Can,K4,0.9836705
OchACan005,OchACan005.merged.rmdup.merged.realn.rescaled.bam,Historical,Can,K2,0.0122223
OchACan005,OchACan005.merged.rmdup.merged.realn.rescaled.bam,Historical,Can,K3,9.94e-5
OchACan005,OchACan005.merged.rmdup.merged.realn.rescaled.bam,Historical,Can,K4,0.9876782
OchACan006,OchACan006.merged.rmdup.merged.realn.rescaled.bam,Historical,Can,K2,0.012573800000000001
OchACan006,OchACan006.merged.rmdup.merged.realn.rescaled.bam,Historical,Can,K3,9.95e-5
OchACan006,OchACan006.merged.rmdup.merged.realn.rescaled.bam,Historical,Can,K4,0.9873267
OchACan007,OchACan007.merged.rmdup.merged.realn.rescaled.bam,Historical,Can,K2,0.0210545
OchACan007,OchACan007.merged.rmdup.merged.realn.rescaled.bam,Historical,Can,K3,9.82e-5
OchACan007,OchACan007.merged.rmdup.merged.realn.rescaled.bam,Historical,Can,K4,0.9788473
OchACan008,OchACan008.merged.rmdup.merged.realn.rescaled.bam,Historical,Can,K2,0.0218274
OchACan008,OchACan008.merged.rmdup.merged.realn.rescaled.bam,Historical,Can,K3,9.83e-5
OchACan008,OchACan008.merged.rmdup.merged.realn.rescaled.bam,Historical,Can,K4,0.9780743
OchACan009,OchACan009.merged.rmdup.merged.realn.rescaled.bam,Historical,Can,K2,0.0138545
OchACan009,OchACan009.merged.rmdup.merged.realn.rescaled.bam,Historical,Can,K3,9.9e-5
OchACan009,OchACan009.merged.rmdup.merged.realn.rescaled.bam,Historical,Can,K4,0.9860465
OchACan010,OchACan010.merged.rmdup.merged.realn.rescaled.bam,Historical,Can,K2,0.018884400000000003
OchACan010,OchACan010.merged.rmdup.merged.realn.rescaled.bam,Historical,Can,K3,0.012882
OchACan010,OchACan010.merged.rmdup.merged.realn.rescaled.bam,Historical,Can,K4,0.9682336
OchACan011,OchACan011.merged.rmdup.merged.realn.rescaled.bam,Historical,Can,K2,0.0144206
OchACan011,OchACan011.merged.rmdup.merged.realn.rescaled.bam,Historical,Can,K3,9.93e-5
OchACan011,OchACan011.merged.rmdup.merged.realn.rescaled.bam,Historical,Can,K4,0.98548
OchACan012,OchACan012.merged.rmdup.merged.realn.rescaled.bam,Historical,Can,K2,0.0195671
OchACan012,OchACan012.merged.rmdup.merged.realn.rescaled.bam,Historical,Can,K3,9.93e-5
OchACan012,OchACan012.merged.rmdup.merged.realn.rescaled.bam,Historical,Can,K4,0.9803336
OchACan013,OchACan013.merged.rmdup.merged.realn.rescaled.bam,Historical,Can,K2,0.0226775
OchACan013,OchACan013.merged.rmdup.merged.realn.rescaled.bam,Historical,Can,K3,9.89e-5
OchACan013,OchACan013.merged.rmdup.merged.realn.rescaled.bam,Historical,Can,K4,0.9772235
OchACan014,OchACan014.merged.rmdup.merged.realn.rescaled.bam,Historical,Can,K2,0.0196301
OchACan014,OchACan014.merged.rmdup.merged.realn.rescaled.bam,Historical,Can,K3,9.87e-5
OchACan014,OchACan014.merged.rmdup.merged.realn.rescaled.bam,Historical,Can,K4,0.9802712
OchACan015,OchACan015.merged.rmdup.merged.realn.rescaled.bam,Historical,Can,K2,0.009209
OchACan015,OchACan015.merged.rmdup.merged.realn.rescaled.bam,Historical,Can,K3,0.0213651
OchACan015,OchACan015.merged.rmdup.merged.realn.rescaled.bam,Historical,Can,K4,0.9694259
OchACan016,OchACan016.merged.rmdup.merged.realn.rescaled.bam,Historical,Can,K2,0.0164982
OchACan016,OchACan016.merged.rmdup.merged.realn.rescaled.bam,Historical,Can,K3,9.88e-5
OchACan016,OchACan016.merged.rmdup.merged.realn.rescaled.bam,Historical,Can,K4,0.9834028
OchACan017,OchACan017.merged.rmdup.merged.realn.rescaled.bam,Historical,Can,K2,0.0150529
OchACan017,OchACan017.merged.rmdup.merged.realn.rescaled.bam,Historical,Can,K3,9.9e-5
OchACan017,OchACan017.merged.rmdup.merged.realn.rescaled.bam,Historical,Can,K4,0.9848481
OchACan018,OchACan018.merged.rmdup.merged.realn.rescaled.bam,Historical,Can,K2,0.016520399999999998
OchACan018,OchACan018.merged.rmdup.merged.realn.rescaled.bam,Historical,Can,K3,9.9e-5
OchACan018,OchACan018.merged.rmdup.merged.realn.rescaled.bam,Historical,Can,K4,0.9833807
OchACan019,OchACan019.merged.rmdup.merged.realn.rescaled.bam,Historical,Can,K2,0.0168349
OchACan019,OchACan019.merged.rmdup.merged.realn.rescaled.bam,Historical,Can,K3,9.86e-5
OchACan019,OchACan019.merged.rmdup.merged.realn.rescaled.bam,Historical,Can,K4,0.9830666
OchACan020,OchACan020.merged.rmdup.merged.realn.rescaled.bam,Historical,Can,K2,0.0153102
OchACan020,OchACan020.merged.rmdup.merged.realn.rescaled.bam,Historical,Can,K3,9.93e-5
OchACan020,OchACan020.merged.rmdup.merged.realn.rescaled.bam,Historical,Can,K4,0.9845904
OchACan021,OchACan021.merged.rmdup.merged.realn.rescaled.bam,Historical,Can,K2,0.0141751
OchACan021,OchACan021.merged.rmdup.merged.realn.rescaled.bam,Historical,Can,K3,9.93e-5
OchACan021,OchACan021.merged.rmdup.merged.realn.rescaled.bam,Historical,Can,K4,0.9857255
OchACan022,OchACan022.merged.rmdup.merged.realn.rescaled.bam,Historical,Can,K2,0.1367264
OchACan022,OchACan022.merged.rmdup.merged.realn.rescaled.bam,Historical,Can,K3,0.8631737
OchACan022,OchACan022.merged.rmdup.merged.realn.rescaled.bam,Historical,Can,K4,1e-4
OchACan023,OchACan023.merged.rmdup.merged.realn.rescaled.bam,Historical,Can,K2,0.1326623
OchACan023,OchACan023.merged.rmdup.merged.realn.rescaled.bam,Historical,Can,K3,0.8609269
OchACan023,OchACan023.merged.rmdup.merged.realn.rescaled.bam,Historical,Can,K4,0.0064108
OchACan024,OchACan024.merged.rmdup.merged.realn.rescaled.bam,Historical,Can,K2,0.1074344
OchACan024,OchACan024.merged.rmdup.merged.realn.rescaled.bam,Historical,Can,K3,0.8290882
OchACan024,OchACan024.merged.rmdup.merged.realn.rescaled.bam,Historical,Can,K4,0.0634773
OchACat001,OchACat001.merged.rmdup.merged.realn.rescaled.bam,Historical,Cat,K2,0.0615922
OchACat001,OchACat001.merged.rmdup.merged.realn.rescaled.bam,Historical,Cat,K3,0.9383077
OchACat001,OchACat001.merged.rmdup.merged.realn.rescaled.bam,Historical,Cat,K4,1e-4
OchACat002,OchACat002.merged.rmdup.merged.realn.rescaled.bam,Historical,Cat,K2,0.0711937
OchACat002,OchACat002.merged.rmdup.merged.realn.rescaled.bam,Historical,Cat,K3,0.9287066
OchACat002,OchACat002.merged.rmdup.merged.realn.rescaled.bam,Historical,Cat,K4,9.97e-5
OchACat003,OchACat003.merged.rmdup.merged.realn.rescaled.bam,Historical,Cat,K2,0.0688472
OchACat003,OchACat003.merged.rmdup.merged.realn.rescaled.bam,Historical,Cat,K3,0.9310529
OchACat003,OchACat003.merged.rmdup.merged.realn.rescaled.bam,Historical,Cat,K4,1e-4
OchACat004,OchACat004.merged.rmdup.merged.realn.rescaled.bam,Historical,Cat,K2,0.0757802
OchACat004,OchACat004.merged.rmdup.merged.realn.rescaled.bam,Historical,Cat,K3,0.9172292
OchACat004,OchACat004.merged.rmdup.merged.realn.rescaled.bam,Historical,Cat,K4,0.0069906
OchACat005,OchACat005.merged.rmdup.merged.realn.rescaled.bam,Historical,Cat,K2,0.1138315
OchACat005,OchACat005.merged.rmdup.merged.realn.rescaled.bam,Historical,Cat,K3,0.88607
OchACat005,OchACat005.merged.rmdup.merged.realn.rescaled.bam,Historical,Cat,K4,9.85e-5
OchACat006,OchACat006.merged.rmdup.merged.realn.rescaled.bam,Historical,Cat,K2,0.08552359999999999
OchACat006,OchACat006.merged.rmdup.merged.realn.rescaled.bam,Historical,Cat,K3,0.9143772
OchACat006,OchACat006.merged.rmdup.merged.realn.rescaled.bam,Historical,Cat,K4,9.93e-5
OchACat007,OchACat007.merged.rmdup.merged.realn.rescaled.bam,Historical,Cat,K2,0.0412924
OchACat007,OchACat007.merged.rmdup.merged.realn.rescaled.bam,Historical,Cat,K3,0.80507
OchACat007,OchACat007.merged.rmdup.merged.realn.rescaled.bam,Historical,Cat,K4,0.1536377
OchACat008,OchACat008.merged.rmdup.merged.realn.rescaled.bam,Historical,Cat,K2,0.09916449999999999
OchACat008,OchACat008.merged.rmdup.merged.realn.rescaled.bam,Historical,Cat,K3,0.9007369
OchACat008,OchACat008.merged.rmdup.merged.realn.rescaled.bam,Historical,Cat,K4,9.87e-5
OchACat009,OchACat009.merged.rmdup.merged.realn.rescaled.bam,Historical,Cat,K2,0.1071604
OchACat009,OchACat009.merged.rmdup.merged.realn.rescaled.bam,Historical,Cat,K3,0.8895792
OchACat009,OchACat009.merged.rmdup.merged.realn.rescaled.bam,Historical,Cat,K4,0.0032604
OchACat010,OchACat010.merged.rmdup.merged.realn.rescaled.bam,Historical,Cat,K2,0.0939074
OchACat010,OchACat010.merged.rmdup.merged.realn.rescaled.bam,Historical,Cat,K3,0.8962187
OchACat010,OchACat010.merged.rmdup.merged.realn.rescaled.bam,Historical,Cat,K4,0.0098738
OchACat011,OchACat011.merged.rmdup.merged.realn.rescaled.bam,Historical,Cat,K2,0.0697266
OchACat011,OchACat011.merged.rmdup.merged.realn.rescaled.bam,Historical,Cat,K3,0.9255515
OchACat011,OchACat011.merged.rmdup.merged.realn.rescaled.bam,Historical,Cat,K4,0.0047218
OchACat012,OchACat012.merged.rmdup.merged.realn.rescaled.bam,Historical,Cat,K2,0.11725340000000001
OchACat012,OchACat012.merged.rmdup.merged.realn.rescaled.bam,Historical,Cat,K3,0.8585436
OchACat012,OchACat012.merged.rmdup.merged.realn.rescaled.bam,Historical,Cat,K4,0.0242031
OchACat013,OchACat013.merged.rmdup.merged.realn.rescaled.bam,Historical,Cat,K2,0.0774298
OchACat013,OchACat013.merged.rmdup.merged.realn.rescaled.bam,Historical,Cat,K3,0.9224708
OchACat013,OchACat013.merged.rmdup.merged.realn.rescaled.bam,Historical,Cat,K4,9.93e-5
OchACat014,OchACat014.merged.rmdup.merged.realn.rescaled.bam,Historical,Cat,K2,0.0702943
OchACat014,OchACat014.merged.rmdup.merged.realn.rescaled.bam,Historical,Cat,K3,0.9296057
OchACat014,OchACat014.merged.rmdup.merged.realn.rescaled.bam,Historical,Cat,K4,9.99e-5
OchACat015,OchACat015.merged.rmdup.merged.realn.rescaled.bam,Historical,Cat,K2,0.1069061
OchACat015,OchACat015.merged.rmdup.merged.realn.rescaled.bam,Historical,Cat,K3,0.8929952
OchACat015,OchACat015.merged.rmdup.merged.realn.rescaled.bam,Historical,Cat,K4,9.86e-5
OchACat016,OchACat016.merged.rmdup.merged.realn.rescaled.bam,Historical,Cat,K2,0.0749252
OchACat016,OchACat016.merged.rmdup.merged.realn.rescaled.bam,Historical,Cat,K3,0.9249749
OchACat016,OchACat016.merged.rmdup.merged.realn.rescaled.bam,Historical,Cat,K4,9.99e-5
OchACat017,OchACat017.merged.rmdup.merged.realn.rescaled.bam,Historical,Cat,K2,0.06488479999999999
OchACat017,OchACat017.merged.rmdup.merged.realn.rescaled.bam,Historical,Cat,K3,0.9350151
OchACat017,OchACat017.merged.rmdup.merged.realn.rescaled.bam,Historical,Cat,K4,1e-4
OchACat018,OchACat018.merged.rmdup.merged.realn.rescaled.bam,Historical,Cat,K2,0.1118363
OchACat018,OchACat018.merged.rmdup.merged.realn.rescaled.bam,Historical,Cat,K3,0.888065
OchACat018,OchACat018.merged.rmdup.merged.realn.rescaled.bam,Historical,Cat,K4,9.86e-5
OchACat019,OchACat019.merged.rmdup.merged.realn.rescaled.bam,Historical,Cat,K2,0.0859396
OchACat019,OchACat019.merged.rmdup.merged.realn.rescaled.bam,Historical,Cat,K3,0.9139609
OchACat019,OchACat019.merged.rmdup.merged.realn.rescaled.bam,Historical,Cat,K4,9.96e-5
OchACat020,OchACat020.merged.rmdup.merged.realn.rescaled.bam,Historical,Cat,K2,0.09274959999999999
OchACat020,OchACat020.merged.rmdup.merged.realn.rescaled.bam,Historical,Cat,K3,0.9071505
OchACat020,OchACat020.merged.rmdup.merged.realn.rescaled.bam,Historical,Cat,K4,1e-4
OchACat021,OchACat021.merged.rmdup.merged.realn.rescaled.bam,Historical,Cat,K2,0.1114994
OchACat021,OchACat021.merged.rmdup.merged.realn.rescaled.bam,Historical,Cat,K3,0.8821653
OchACat021,OchACat021.merged.rmdup.merged.realn.rescaled.bam,Historical,Cat,K4,0.0063353
OchACat022,OchACat022.merged.rmdup.merged.realn.rescaled.bam,Historical,Cat,K2,0.1074245
OchACat022,OchACat022.merged.rmdup.merged.realn.rescaled.bam,Historical,Cat,K3,0.8894494
OchACat022,OchACat022.merged.rmdup.merged.realn.rescaled.bam,Historical,Cat,K4,0.0031262
OchACat023,OchACat023.merged.rmdup.merged.realn.rescaled.bam,Historical,Cat,K2,0.0734178
OchACat023,OchACat023.merged.rmdup.merged.realn.rescaled.bam,Historical,Cat,K3,0.9262874
OchACat023,OchACat023.merged.rmdup.merged.realn.rescaled.bam,Historical,Cat,K4,2.948e-4
OchACat024,OchACat024.merged.rmdup.merged.realn.rescaled.bam,Historical,Cat,K2,0.10921900000000001
OchACat024,OchACat024.merged.rmdup.merged.realn.rescaled.bam,Historical,Cat,K3,0.8616838
OchACat024,OchACat024.merged.rmdup.merged.realn.rescaled.bam,Historical,Cat,K4,0.0290971
OchACat025,OchACat025.merged.rmdup.merged.realn.rescaled.bam,Historical,Cat,K2,0.078574
OchACat025,OchACat025.merged.rmdup.merged.realn.rescaled.bam,Historical,Cat,K3,0.9204159
OchACat025,OchACat025.merged.rmdup.merged.realn.rescaled.bam,Historical,Cat,K4,0.0010102
OchACat026,OchACat026.merged.rmdup.merged.realn.rescaled.bam,Historical,Cat,K2,0.08048820000000001
OchACat026,OchACat026.merged.rmdup.merged.realn.rescaled.bam,Historical,Cat,K3,0.9194118
OchACat026,OchACat026.merged.rmdup.merged.realn.rescaled.bam,Historical,Cat,K4,1e-4
OchACat027,OchACat027.merged.rmdup.merged.realn.rescaled.bam,Historical,Cat,K2,0.07249
OchACat027,OchACat027.merged.rmdup.merged.realn.rescaled.bam,Historical,Cat,K3,0.9274101
OchACat027,OchACat027.merged.rmdup.merged.realn.rescaled.bam,Historical,Cat,K4,1e-4
OchACat028,OchACat028.merged.rmdup.merged.realn.rescaled.bam,Historical,Cat,K2,0.0925623
OchACat028,OchACat028.merged.rmdup.merged.realn.rescaled.bam,Historical,Cat,K3,0.907338
OchACat028,OchACat028.merged.rmdup.merged.realn.rescaled.bam,Historical,Cat,K4,9.98e-5
OchACat029,OchACat029.merged.rmdup.merged.realn.rescaled.bam,Historical,Cat,K2,0.0831121
OchACat029,OchACat029.merged.rmdup.merged.realn.rescaled.bam,Historical,Cat,K3,0.9167886
OchACat029,OchACat029.merged.rmdup.merged.realn.rescaled.bam,Historical,Cat,K4,9.94e-5
OchACat030,OchACat030.merged.rmdup.merged.realn.rescaled.bam,Historical,Cat,K2,0.09710329999999999
OchACat030,OchACat030.merged.rmdup.merged.realn.rescaled.bam,Historical,Cat,K3,0.9027975
OchACat030,OchACat030.merged.rmdup.merged.realn.rescaled.bam,Historical,Cat,K4,9.92e-5
OchACat031,OchACat031.merged.rmdup.merged.realn.rescaled.bam,Historical,Cat,K2,0.0823782
OchACat031,OchACat031.merged.rmdup.merged.realn.rescaled.bam,Historical,Cat,K3,0.9175217
OchACat031,OchACat031.merged.rmdup.merged.realn.rescaled.bam,Historical,Cat,K4,1e-4
OchACat032,OchACat032.merged.rmdup.merged.realn.rescaled.bam,Historical,Cat,K2,0.0648648
OchACat032,OchACat032.merged.rmdup.merged.realn.rescaled.bam,Historical,Cat,K3,0.888473
OchACat032,OchACat032.merged.rmdup.merged.realn.rescaled.bam,Historical,Cat,K4,0.0466622
OchACat033,OchACat033.merged.rmdup.merged.realn.rescaled.bam,Historical,Cat,K2,0.0909253
OchACat033,OchACat033.merged.rmdup.merged.realn.rescaled.bam,Historical,Cat,K3,0.9037184
OchACat033,OchACat033.merged.rmdup.merged.realn.rescaled.bam,Historical,Cat,K4,0.0053563
OchACat034,OchACat034.merged.rmdup.merged.realn.rescaled.bam,Historical,Cat,K2,0.079714
OchACat034,OchACat034.merged.rmdup.merged.realn.rescaled.bam,Historical,Cat,K3,0.9201861
OchACat034,OchACat034.merged.rmdup.merged.realn.rescaled.bam,Historical,Cat,K4,1e-4
OchACat035,OchACat035.merged.rmdup.merged.realn.rescaled.bam,Historical,Cat,K2,0.0777808
OchACat035,OchACat035.merged.rmdup.merged.realn.rescaled.bam,Historical,Cat,K3,0.9221191
OchACat035,OchACat035.merged.rmdup.merged.realn.rescaled.bam,Historical,Cat,K4,1e-4
OchACat036,OchACat036.merged.rmdup.merged.realn.rescaled.bam,Historical,Cat,K2,0.09185829999999999
OchACat036,OchACat036.merged.rmdup.merged.realn.rescaled.bam,Historical,Cat,K3,0.8273469
OchACat036,OchACat036.merged.rmdup.merged.realn.rescaled.bam,Historical,Cat,K4,0.0807947
OchACat037,OchACat037.merged.rmdup.merged.realn.rescaled.bam,Historical,Cat,K2,0.0717879
OchACat037,OchACat037.merged.rmdup.merged.realn.rescaled.bam,Historical,Cat,K3,0.9281126
OchACat037,OchACat037.merged.rmdup.merged.realn.rescaled.bam,Historical,Cat,K4,9.95e-5
OchACat038,OchACat038.merged.rmdup.merged.realn.rescaled.bam,Historical,Cat,K2,0.09136069999999999
OchACat038,OchACat038.merged.rmdup.merged.realn.rescaled.bam,Historical,Cat,K3,0.8988233
OchACat038,OchACat038.merged.rmdup.merged.realn.rescaled.bam,Historical,Cat,K4,0.009816
OchACat039,OchACat039.merged.rmdup.merged.realn.rescaled.bam,Historical,Cat,K2,0.050962400000000005
OchACat039,OchACat039.merged.rmdup.merged.realn.rescaled.bam,Historical,Cat,K3,0.8139906
OchACat039,OchACat039.merged.rmdup.merged.realn.rescaled.bam,Historical,Cat,K4,0.135047
OchACat040,OchACat040.merged.rmdup.merged.realn.rescaled.bam,Historical,Cat,K2,0.0873511
OchACat040,OchACat040.merged.rmdup.merged.realn.rescaled.bam,Historical,Cat,K3,0.9091052
OchACat040,OchACat040.merged.rmdup.merged.realn.rescaled.bam,Historical,Cat,K4,0.0035437
OchACat041,OchACat041.merged.rmdup.merged.realn.rescaled.bam,Historical,Cat,K2,0.0823338
OchACat041,OchACat041.merged.rmdup.merged.realn.rescaled.bam,Historical,Cat,K3,0.9175662
OchACat041,OchACat041.merged.rmdup.merged.realn.rescaled.bam,Historical,Cat,K4,9.99e-5
OchATum001,OchATum001.merged.rmdup.merged.realn.rescaled.bam,Historical,Tum,K2,0.09273730000000001
OchATum001,OchATum001.merged.rmdup.merged.realn.rescaled.bam,Historical,Tum,K3,0.876946
OchATum001,OchATum001.merged.rmdup.merged.realn.rescaled.bam,Historical,Tum,K4,0.0303167
OchATum002,OchATum002.merged.rmdup.merged.realn.rescaled.bam,Historical,Tum,K2,0.11178070000000001
OchATum002,OchATum002.merged.rmdup.merged.realn.rescaled.bam,Historical,Tum,K3,0.879118
OchATum002,OchATum002.merged.rmdup.merged.realn.rescaled.bam,Historical,Tum,K4,0.0091013
OchATum003,OchATum003.merged.rmdup.merged.realn.rescaled.bam,Historical,Tum,K2,0.1089417
OchATum003,OchATum003.merged.rmdup.merged.realn.rescaled.bam,Historical,Tum,K3,0.8867778
OchATum003,OchATum003.merged.rmdup.merged.realn.rescaled.bam,Historical,Tum,K4,0.0042804
OchATum004,OchATum004.merged.rmdup.merged.realn.rescaled.bam,Historical,Tum,K2,0.0883466
OchATum004,OchATum004.merged.rmdup.merged.realn.rescaled.bam,Historical,Tum,K3,0.4844446
OchATum004,OchATum004.merged.rmdup.merged.realn.rescaled.bam,Historical,Tum,K4,0.4272088
OchATum005,OchATum005.merged.rmdup.merged.realn.rescaled.bam,Historical,Tum,K2,0.034028800000000005
OchATum005,OchATum005.merged.rmdup.merged.realn.rescaled.bam,Historical,Tum,K3,0.0067001
OchATum005,OchATum005.merged.rmdup.merged.realn.rescaled.bam,Historical,Tum,K4,0.9592711
OchATum006,OchATum006.merged.rmdup.merged.realn.rescaled.bam,Historical,Tum,K2,0.0878021
OchATum006,OchATum006.merged.rmdup.merged.realn.rescaled.bam,Historical,Tum,K3,0.7682712
OchATum006,OchATum006.merged.rmdup.merged.realn.rescaled.bam,Historical,Tum,K4,0.1439266
OchATum007,OchATum007.merged.rmdup.merged.realn.rescaled.bam,Historical,Tum,K2,0.0463353
OchATum007,OchATum007.merged.rmdup.merged.realn.rescaled.bam,Historical,Tum,K3,0.0673862
OchATum007,OchATum007.merged.rmdup.merged.realn.rescaled.bam,Historical,Tum,K4,0.8862786
OchATum008,OchATum008.merged.rmdup.merged.realn.rescaled.bam,Historical,Tum,K2,0.065842
OchATum008,OchATum008.merged.rmdup.merged.realn.rescaled.bam,Historical,Tum,K3,0.5310016
OchATum008,OchATum008.merged.rmdup.merged.realn.rescaled.bam,Historical,Tum,K4,0.4031563
OchATum009,OchATum009.merged.rmdup.merged.realn.rescaled.bam,Historical,Tum,K2,0.029359
OchATum009,OchATum009.merged.rmdup.merged.realn.rescaled.bam,Historical,Tum,K3,0.2394798
OchATum009,OchATum009.merged.rmdup.merged.realn.rescaled.bam,Historical,Tum,K4,0.7311612
OchATum010,OchATum010.merged.rmdup.merged.realn.rescaled.bam,Historical,Tum,K2,0.048139299999999996
OchATum010,OchATum010.merged.rmdup.merged.realn.rescaled.bam,Historical,Tum,K3,0.6260305
OchATum010,OchATum010.merged.rmdup.merged.realn.rescaled.bam,Historical,Tum,K4,0.3258302
OchATum011,OchATum011.merged.rmdup.merged.realn.rescaled.bam,Historical,Tum,K2,0.022487299999999998
OchATum011,OchATum011.merged.rmdup.merged.realn.rescaled.bam,Historical,Tum,K3,0.3012813
OchATum011,OchATum011.merged.rmdup.merged.realn.rescaled.bam,Historical,Tum,K4,0.6762314
OchATum012,OchATum012.merged.rmdup.merged.realn.rescaled.bam,Historical,Tum,K2,0.0363689
OchATum012,OchATum012.merged.rmdup.merged.realn.rescaled.bam,Historical,Tum,K3,0.3207257
OchATum012,OchATum012.merged.rmdup.merged.realn.rescaled.bam,Historical,Tum,K4,0.6429054
OchATum013,OchATum013.merged.rmdup.merged.realn.rescaled.bam,Historical,Tum,K2,0.0519258
OchATum013,OchATum013.merged.rmdup.merged.realn.rescaled.bam,Historical,Tum,K3,0.2080349
OchATum013,OchATum013.merged.rmdup.merged.realn.rescaled.bam,Historical,Tum,K4,0.7400394
OchATum014,OchATum014.merged.rmdup.merged.realn.rescaled.bam,Historical,Tum,K2,0.11241140000000001
OchATum014,OchATum014.merged.rmdup.merged.realn.rescaled.bam,Historical,Tum,K3,0.8595538
OchATum014,OchATum014.merged.rmdup.merged.realn.rescaled.bam,Historical,Tum,K4,0.0280348
OchATum015,OchATum015.merged.rmdup.merged.realn.rescaled.bam,Historical,Tum,K2,0.12189069999999999
OchATum015,OchATum015.merged.rmdup.merged.realn.rescaled.bam,Historical,Tum,K3,0.871089
OchATum015,OchATum015.merged.rmdup.merged.realn.rescaled.bam,Historical,Tum,K4,0.0070203
OchATum016,OchATum016.merged.rmdup.merged.realn.rescaled.bam,Historical,Tum,K2,0.0399247
OchATum016,OchATum016.merged.rmdup.merged.realn.rescaled.bam,Historical,Tum,K3,0.0076717
OchATum016,OchATum016.merged.rmdup.merged.realn.rescaled.bam,Historical,Tum,K4,0.9524037
OchATum017,OchATum017.merged.rmdup.merged.realn.rescaled.bam,Historical,Tum,K2,0.0627322
OchATum017,OchATum017.merged.rmdup.merged.realn.rescaled.bam,Historical,Tum,K3,0.0087969
OchATum017,OchATum017.merged.rmdup.merged.realn.rescaled.bam,Historical,Tum,K4,0.9284708
OchATum018,OchATum018.merged.rmdup.merged.realn.rescaled.bam,Historical,Tum,K2,0.0859139
OchATum018,OchATum018.merged.rmdup.merged.realn.rescaled.bam,Historical,Tum,K3,0.6180989
OchATum018,OchATum018.merged.rmdup.merged.realn.rescaled.bam,Historical,Tum,K4,0.2959872
OchATum019,OchATum019.merged.rmdup.merged.realn.rescaled.bam,Historical,Tum,K2,0.2134612
OchATum019,OchATum019.merged.rmdup.merged.realn.rescaled.bam,Historical,Tum,K3,0.7798111
OchATum019,OchATum019.merged.rmdup.merged.realn.rescaled.bam,Historical,Tum,K4,0.0067278
OchATum020,OchATum020.merged.rmdup.merged.realn.rescaled.bam,Historical,Tum,K2,0.1744182
OchATum020,OchATum020.merged.rmdup.merged.realn.rescaled.bam,Historical,Tum,K3,0.8220931
OchATum020,OchATum020.merged.rmdup.merged.realn.rescaled.bam,Historical,Tum,K4,0.0034888
OchATum021,OchATum021.merged.rmdup.merged.realn.rescaled.bam,Historical,Tum,K2,0.17476529999999998
OchATum021,OchATum021.merged.rmdup.merged.realn.rescaled.bam,Historical,Tum,K3,0.824769
OchATum021,OchATum021.merged.rmdup.merged.realn.rescaled.bam,Historical,Tum,K4,4.658e-4
OchATum022,OchATum022.merged.rmdup.merged.realn.rescaled.bam,Historical,Tum,K2,0.1680838
OchATum022,OchATum022.merged.rmdup.merged.realn.rescaled.bam,Historical,Tum,K3,0.8314481
OchATum022,OchATum022.merged.rmdup.merged.realn.rescaled.bam,Historical,Tum,K4,4.68e-4
OchATum023,OchATum023.merged.rmdup.merged.realn.rescaled.bam,Historical,Tum,K2,0.12369430000000001
OchATum023,OchATum023.merged.rmdup.merged.realn.rescaled.bam,Historical,Tum,K3,0.8576064
OchATum023,OchATum023.merged.rmdup.merged.realn.rescaled.bam,Historical,Tum,K4,0.0186993
OchATum024,OchATum024.merged.rmdup.merged.realn.rescaled.bam,Historical,Tum,K2,0.1152263
OchATum024,OchATum024.merged.rmdup.merged.realn.rescaled.bam,Historical,Tum,K3,0.879817
OchATum024,OchATum024.merged.rmdup.merged.realn.rescaled.bam,Historical,Tum,K4,0.0049567
OchATum025,OchATum025.merged.rmdup.merged.realn.rescaled.bam,Historical,Tum,K2,0.035319500000000004
OchATum025,OchATum025.merged.rmdup.merged.realn.rescaled.bam,Historical,Tum,K3,0.5647496
OchATum025,OchATum025.merged.rmdup.merged.realn.rescaled.bam,Historical,Tum,K4,0.3999309
OchATum026,OchATum026.merged.rmdup.merged.realn.rescaled.bam,Historical,Tum,K2,0.1116866
OchATum026,OchATum026.merged.rmdup.merged.realn.rescaled.bam,Historical,Tum,K3,0.8767865
OchATum026,OchATum026.merged.rmdup.merged.realn.rescaled.bam,Historical,Tum,K4,0.0115268
OchATum027,OchATum027.merged.rmdup.merged.realn.rescaled.bam,Historical,Tum,K2,0.1648384
OchATum027,OchATum027.merged.rmdup.merged.realn.rescaled.bam,Historical,Tum,K3,0.8350616
OchATum027,OchATum027.merged.rmdup.merged.realn.rescaled.bam,Historical,Tum,K4,1.001e-4
OchATum028,OchATum028.merged.rmdup.merged.realn.rescaled.bam,Historical,Tum,K2,0.059587
OchATum028,OchATum028.merged.rmdup.merged.realn.rescaled.bam,Historical,Tum,K3,0.1999174
OchATum028,OchATum028.merged.rmdup.merged.realn.rescaled.bam,Historical,Tum,K4,0.7404956
OchATum029,OchATum029.merged.rmdup.merged.realn.rescaled.bam,Historical,Tum,K2,0.113191
OchATum029,OchATum029.merged.rmdup.merged.realn.rescaled.bam,Historical,Tum,K3,0.6964793
OchATum029,OchATum029.merged.rmdup.merged.realn.rescaled.bam,Historical,Tum,K4,0.1903297
OchATum030,OchATum030.merged.rmdup.merged.realn.rescaled.bam,Historical,Tum,K2,0.0867213
OchATum030,OchATum030.merged.rmdup.merged.realn.rescaled.bam,Historical,Tum,K3,0.8223876
OchATum030,OchATum030.merged.rmdup.merged.realn.rescaled.bam,Historical,Tum,K4,0.090891
OchATum031,OchATum031.merged.rmdup.merged.realn.rescaled.bam,Historical,Tum,K2,0.0428591
OchATum031,OchATum031.merged.rmdup.merged.realn.rescaled.bam,Historical,Tum,K3,0.017735
OchATum031,OchATum031.merged.rmdup.merged.realn.rescaled.bam,Historical,Tum,K4,0.9394058
OchATum032,OchATum032.merged.rmdup.merged.realn.rescaled.bam,Historical,Tum,K2,0.10952730000000001
OchATum032,OchATum032.merged.rmdup.merged.realn.rescaled.bam,Historical,Tum,K3,0.8688287
OchATum032,OchATum032.merged.rmdup.merged.realn.rescaled.bam,Historical,Tum,K4,0.021644
OchATum033,OchATum033.merged.rmdup.merged.realn.rescaled.bam,Historical,Tum,K2,0.11263369999999999
OchATum033,OchATum033.merged.rmdup.merged.realn.rescaled.bam,Historical,Tum,K3,0.8504061
OchATum033,OchATum033.merged.rmdup.merged.realn.rescaled.bam,Historical,Tum,K4,0.0369603
OchATum034,OchATum034.merged.rmdup.merged.realn.rescaled.bam,Historical,Tum,K2,0.1074456
OchATum034,OchATum034.merged.rmdup.merged.realn.rescaled.bam,Historical,Tum,K3,0.8856465
OchATum034,OchATum034.merged.rmdup.merged.realn.rescaled.bam,Historical,Tum,K4,0.0069078
OchATum035,OchATum035.merged.rmdup.merged.realn.rescaled.bam,Historical,Tum,K2,0.1092307
OchATum035,OchATum035.merged.rmdup.merged.realn.rescaled.bam,Historical,Tum,K3,0.8439817
OchATum035,OchATum035.merged.rmdup.merged.realn.rescaled.bam,Historical,Tum,K4,0.0467877
OchATum036,OchATum036.merged.rmdup.merged.realn.rescaled.bam,Historical,Tum,K2,0.0344043
OchATum036,OchATum036.merged.rmdup.merged.realn.rescaled.bam,Historical,Tum,K3,0.4535258
OchATum036,OchATum036.merged.rmdup.merged.realn.rescaled.bam,Historical,Tum,K4,0.5120699
OchCBur013,OchCBur013.merged.rmdup.merged.realn.bam,Contemporary,Bur,K2,0.9998009
OchCBur013,OchCBur013.merged.rmdup.merged.realn.bam,Contemporary,Bur,K3,9.95e-5
OchCBur013,OchCBur013.merged.rmdup.merged.realn.bam,Contemporary,Bur,K4,9.95e-5
OchCBur014,OchCBur014.merged.rmdup.merged.realn.bam,Contemporary,Bur,K2,0.8713826
OchCBur014,OchCBur014.merged.rmdup.merged.realn.bam,Contemporary,Bur,K3,0.1229205
OchCBur014,OchCBur014.merged.rmdup.merged.realn.bam,Contemporary,Bur,K4,0.0056969
OchCBur015,OchCBur015.merged.rmdup.merged.realn.bam,Contemporary,Bur,K2,0.9998004
OchCBur015,OchCBur015.merged.rmdup.merged.realn.bam,Contemporary,Bur,K3,9.98e-5
OchCBur015,OchCBur015.merged.rmdup.merged.realn.bam,Contemporary,Bur,K4,9.98e-5
OchCBur016,OchCBur016.merged.rmdup.merged.realn.bam,Contemporary,Bur,K2,0.9997998
OchCBur016,OchCBur016.merged.rmdup.merged.realn.bam,Contemporary,Bur,K3,1.001e-4
OchCBur016,OchCBur016.merged.rmdup.merged.realn.bam,Contemporary,Bur,K4,1.001e-4
OchCBur017,OchCBur017.merged.rmdup.merged.realn.bam,Contemporary,Bur,K2,0.9998001
OchCBur017,OchCBur017.merged.rmdup.merged.realn.bam,Contemporary,Bur,K3,9.99e-5
OchCBur017,OchCBur017.merged.rmdup.merged.realn.bam,Contemporary,Bur,K4,9.99e-5
OchCBur018,OchCBur018.merged.rmdup.merged.realn.bam,Contemporary,Bur,K2,0.9998005
OchCBur018,OchCBur018.merged.rmdup.merged.realn.bam,Contemporary,Bur,K3,9.97e-5
OchCBur018,OchCBur018.merged.rmdup.merged.realn.bam,Contemporary,Bur,K4,9.97e-5
OchCBur021,OchCBur021.merged.rmdup.merged.realn.bam,Contemporary,Bur,K2,0.9998005
OchCBur021,OchCBur021.merged.rmdup.merged.realn.bam,Contemporary,Bur,K3,9.98e-5
OchCBur021,OchCBur021.merged.rmdup.merged.realn.bam,Contemporary,Bur,K4,9.98e-5
OchCBur022,OchCBur022.merged.rmdup.merged.realn.bam,Contemporary,Bur,K2,0.9975856000000001
OchCBur022,OchCBur022.merged.rmdup.merged.realn.bam,Contemporary,Bur,K3,0.0023142
OchCBur022,OchCBur022.merged.rmdup.merged.realn.bam,Contemporary,Bur,K4,1.002e-4
OchCBur023,OchCBur023.merged.rmdup.merged.realn.bam,Contemporary,Bur,K2,0.9998001000000001
OchCBur023,OchCBur023.merged.rmdup.merged.realn.bam,Contemporary,Bur,K3,9.99e-5
OchCBur023,OchCBur023.merged.rmdup.merged.realn.bam,Contemporary,Bur,K4,9.99e-5
OchCBur024,OchCBur024.merged.rmdup.merged.realn.bam,Contemporary,Bur,K2,0.8766627
OchCBur024,OchCBur024.merged.rmdup.merged.realn.bam,Contemporary,Bur,K3,0.1181829
OchCBur024,OchCBur024.merged.rmdup.merged.realn.bam,Contemporary,Bur,K4,0.0051543
OchCBur025,OchCBur025.merged.rmdup.merged.realn.bam,Contemporary,Bur,K2,0.9998001999999999
OchCBur025,OchCBur025.merged.rmdup.merged.realn.bam,Contemporary,Bur,K3,9.99e-5
OchCBur025,OchCBur025.merged.rmdup.merged.realn.bam,Contemporary,Bur,K4,9.99e-5
OchCBur026,OchCBur026.merged.rmdup.merged.realn.bam,Contemporary,Bur,K2,0.8797202999999999
OchCBur026,OchCBur026.merged.rmdup.merged.realn.bam,Contemporary,Bur,K3,0.1143973
OchCBur026,OchCBur026.merged.rmdup.merged.realn.bam,Contemporary,Bur,K4,0.0058824
OchCBur028,OchCBur028.merged.rmdup.merged.realn.bam,Contemporary,Bur,K2,0.9995794
OchCBur028,OchCBur028.merged.rmdup.merged.realn.bam,Contemporary,Bur,K3,3.204e-4
OchCBur028,OchCBur028.merged.rmdup.merged.realn.bam,Contemporary,Bur,K4,1.002e-4
OchCBur029,OchCBur029.merged.rmdup.merged.realn.bam,Contemporary,Bur,K2,0.9998001999999999
OchCBur029,OchCBur029.merged.rmdup.merged.realn.bam,Contemporary,Bur,K3,9.98e-5
OchCBur029,OchCBur029.merged.rmdup.merged.realn.bam,Contemporary,Bur,K4,9.98e-5
OchCBur030,OchCBur030.merged.rmdup.merged.realn.bam,Contemporary,Bur,K2,0.9997999
OchCBur030,OchCBur030.merged.rmdup.merged.realn.bam,Contemporary,Bur,K3,1e-4
OchCBur030,OchCBur030.merged.rmdup.merged.realn.bam,Contemporary,Bur,K4,1e-4
OchCBur031,OchCBur031.merged.rmdup.merged.realn.bam,Contemporary,Bur,K2,0.9104787
OchCBur031,OchCBur031.merged.rmdup.merged.realn.bam,Contemporary,Bur,K3,0.0847224
OchCBur031,OchCBur031.merged.rmdup.merged.realn.bam,Contemporary,Bur,K4,0.004799
OchCBur032,OchCBur032.merged.rmdup.merged.realn.bam,Contemporary,Bur,K2,0.9883464
OchCBur032,OchCBur032.merged.rmdup.merged.realn.bam,Contemporary,Bur,K3,0.0115534
OchCBur032,OchCBur032.merged.rmdup.merged.realn.bam,Contemporary,Bur,K4,1.001e-4
OchCBur034,OchCBur034.merged.rmdup.merged.realn.bam,Contemporary,Bur,K2,0.9998004
OchCBur034,OchCBur034.merged.rmdup.merged.realn.bam,Contemporary,Bur,K3,9.98e-5
OchCBur034,OchCBur034.merged.rmdup.merged.realn.bam,Contemporary,Bur,K4,9.98e-5
OchCBur035,OchCBur035.merged.rmdup.merged.realn.bam,Contemporary,Bur,K2,0.9886261999999999
OchCBur035,OchCBur035.merged.rmdup.merged.realn.bam,Contemporary,Bur,K3,0.0112736
OchCBur035,OchCBur035.merged.rmdup.merged.realn.bam,Contemporary,Bur,K4,1.001e-4
OchCBur037,OchCBur037.merged.rmdup.merged.realn.bam,Contemporary,Bur,K2,0.9998004
OchCBur037,OchCBur037.merged.rmdup.merged.realn.bam,Contemporary,Bur,K3,9.98e-5
OchCBur037,OchCBur037.merged.rmdup.merged.realn.bam,Contemporary,Bur,K4,9.98e-5
OchCBur038,OchCBur038.merged.rmdup.merged.realn.bam,Contemporary,Bur,K2,0.9998005
OchCBur038,OchCBur038.merged.rmdup.merged.realn.bam,Contemporary,Bur,K3,9.97e-5
OchCBur038,OchCBur038.merged.rmdup.merged.realn.bam,Contemporary,Bur,K4,9.97e-5
OchCBur040,OchCBur040.merged.rmdup.merged.realn.bam,Contemporary,Bur,K2,0.9998005999999999
OchCBur040,OchCBur040.merged.rmdup.merged.realn.bam,Contemporary,Bur,K3,9.97e-5
OchCBur040,OchCBur040.merged.rmdup.merged.realn.bam,Contemporary,Bur,K4,9.97e-5
OchCBur041,OchCBur041.merged.rmdup.merged.realn.bam,Contemporary,Bur,K2,0.9998004
OchCBur041,OchCBur041.merged.rmdup.merged.realn.bam,Contemporary,Bur,K3,9.98e-5
OchCBur041,OchCBur041.merged.rmdup.merged.realn.bam,Contemporary,Bur,K4,9.98e-5
OchCBur042,OchCBur042.merged.rmdup.merged.realn.bam,Contemporary,Bur,K2,0.8889822
OchCBur042,OchCBur042.merged.rmdup.merged.realn.bam,Contemporary,Bur,K3,0.1033201
OchCBur042,OchCBur042.merged.rmdup.merged.realn.bam,Contemporary,Bur,K4,0.0076976
OchCBur043,OchCBur043.merged.rmdup.merged.realn.bam,Contemporary,Bur,K2,0.9998005
OchCBur043,OchCBur043.merged.rmdup.merged.realn.bam,Contemporary,Bur,K3,9.98e-5
OchCBur043,OchCBur043.merged.rmdup.merged.realn.bam,Contemporary,Bur,K4,9.98e-5
OchCBur044,OchCBur044.merged.rmdup.merged.realn.bam,Contemporary,Bur,K2,0.9712639999999999
OchCBur044,OchCBur044.merged.rmdup.merged.realn.bam,Contemporary,Bur,K3,0.028557
OchCBur044,OchCBur044.merged.rmdup.merged.realn.bam,Contemporary,Bur,K4,1.79e-4
OchCBur045,OchCBur045.merged.rmdup.merged.realn.bam,Contemporary,Bur,K2,0.9997999
OchCBur045,OchCBur045.merged.rmdup.merged.realn.bam,Contemporary,Bur,K3,1e-4
OchCBur045,OchCBur045.merged.rmdup.merged.realn.bam,Contemporary,Bur,K4,1e-4
OchCBur047,OchCBur047.merged.rmdup.merged.realn.bam,Contemporary,Bur,K2,0.9871763
OchCBur047,OchCBur047.merged.rmdup.merged.realn.bam,Contemporary,Bur,K3,0.0127235
OchCBur047,OchCBur047.merged.rmdup.merged.realn.bam,Contemporary,Bur,K4,1.001e-4
OchCBur049,OchCBur049.merged.rmdup.merged.realn.bam,Contemporary,Bur,K2,0.9997999
OchCBur049,OchCBur049.merged.rmdup.merged.realn.bam,Contemporary,Bur,K3,1e-4
OchCBur049,OchCBur049.merged.rmdup.merged.realn.bam,Contemporary,Bur,K4,1e-4
OchCBur051,OchCBur051.merged.rmdup.merged.realn.bam,Contemporary,Bur,K2,0.9997997999999999
OchCBur051,OchCBur051.merged.rmdup.merged.realn.bam,Contemporary,Bur,K3,1.001e-4
OchCBur051,OchCBur051.merged.rmdup.merged.realn.bam,Contemporary,Bur,K4,1.001e-4
OchCBur052,OchCBur052.merged.rmdup.merged.realn.bam,Contemporary,Bur,K2,0.9965554
OchCBur052,OchCBur052.merged.rmdup.merged.realn.bam,Contemporary,Bur,K3,0.0033445
OchCBur052,OchCBur052.merged.rmdup.merged.realn.bam,Contemporary,Bur,K4,1.001e-4
OchCBur053,OchCBur053.merged.rmdup.merged.realn.bam,Contemporary,Bur,K2,0.9998005000000001
OchCBur053,OchCBur053.merged.rmdup.merged.realn.bam,Contemporary,Bur,K3,9.97e-5
OchCBur053,OchCBur053.merged.rmdup.merged.realn.bam,Contemporary,Bur,K4,9.97e-5
OchCBur054,OchCBur054.merged.rmdup.merged.realn.bam,Contemporary,Bur,K2,0.9758903000000001
OchCBur054,OchCBur054.merged.rmdup.merged.realn.bam,Contemporary,Bur,K3,0.0240095
OchCBur054,OchCBur054.merged.rmdup.merged.realn.bam,Contemporary,Bur,K4,1.001e-4
OchCBur055,OchCBur055.merged.rmdup.merged.realn.bam,Contemporary,Bur,K2,0.9998002
OchCBur055,OchCBur055.merged.rmdup.merged.realn.bam,Contemporary,Bur,K3,9.99e-5
OchCBur055,OchCBur055.merged.rmdup.merged.realn.bam,Contemporary,Bur,K4,9.99e-5
OchCBur056,OchCBur056.merged.rmdup.merged.realn.bam,Contemporary,Bur,K2,0.9868402000000001
OchCBur056,OchCBur056.merged.rmdup.merged.realn.bam,Contemporary,Bur,K3,0.0130596
OchCBur056,OchCBur056.merged.rmdup.merged.realn.bam,Contemporary,Bur,K4,1.001e-4
OchCBur057,OchCBur057.merged.rmdup.merged.realn.bam,Contemporary,Bur,K2,0.9943343
OchCBur057,OchCBur057.merged.rmdup.merged.realn.bam,Contemporary,Bur,K3,0.0055655
OchCBur057,OchCBur057.merged.rmdup.merged.realn.bam,Contemporary,Bur,K4,1.001e-4
OchCBur058,OchCBur058.merged.rmdup.merged.realn.bam,Contemporary,Bur,K2,0.9998003
OchCBur058,OchCBur058.merged.rmdup.merged.realn.bam,Contemporary,Bur,K3,9.99e-5
OchCBur058,OchCBur058.merged.rmdup.merged.realn.bam,Contemporary,Bur,K4,9.99e-5
OchCBur059,OchCBur059.merged.rmdup.merged.realn.bam,Contemporary,Bur,K2,0.9894993
OchCBur059,OchCBur059.merged.rmdup.merged.realn.bam,Contemporary,Bur,K3,0.0104006
OchCBur059,OchCBur059.merged.rmdup.merged.realn.bam,Contemporary,Bur,K4,1.001e-4
OchCBur060,OchCBur060.merged.rmdup.merged.realn.bam,Contemporary,Bur,K2,0.9967668000000001
OchCBur060,OchCBur060.merged.rmdup.merged.realn.bam,Contemporary,Bur,K3,0.003133
OchCBur060,OchCBur060.merged.rmdup.merged.realn.bam,Contemporary,Bur,K4,1.001e-4
OchCBur061,OchCBur061.merged.rmdup.merged.realn.bam,Contemporary,Bur,K2,0.9997999000000001
OchCBur061,OchCBur061.merged.rmdup.merged.realn.bam,Contemporary,Bur,K3,1.001e-4
OchCBur061,OchCBur061.merged.rmdup.merged.realn.bam,Contemporary,Bur,K4,1.001e-4
OchCBur062,OchCBur062.merged.rmdup.merged.realn.bam,Contemporary,Bur,K2,0.9998004
OchCBur062,OchCBur062.merged.rmdup.merged.realn.bam,Contemporary,Bur,K3,9.98e-5
OchCBur062,OchCBur062.merged.rmdup.merged.realn.bam,Contemporary,Bur,K4,9.98e-5
OchCBur063,OchCBur063.merged.rmdup.merged.realn.bam,Contemporary,Bur,K2,0.9998
OchCBur063,OchCBur063.merged.rmdup.merged.realn.bam,Contemporary,Bur,K3,1e-4
OchCBur063,OchCBur063.merged.rmdup.merged.realn.bam,Contemporary,Bur,K4,1e-4
OchCBur064,OchCBur064.merged.rmdup.merged.realn.bam,Contemporary,Bur,K2,0.9998004
OchCBur064,OchCBur064.merged.rmdup.merged.realn.bam,Contemporary,Bur,K3,9.98e-5
OchCBur064,OchCBur064.merged.rmdup.merged.realn.bam,Contemporary,Bur,K4,9.98e-5
OchCBur065,OchCBur065.merged.rmdup.merged.realn.bam,Contemporary,Bur,K2,0.9998002
OchCBur065,OchCBur065.merged.rmdup.merged.realn.bam,Contemporary,Bur,K3,9.98e-5
OchCBur065,OchCBur065.merged.rmdup.merged.realn.bam,Contemporary,Bur,K4,9.98e-5
OchCBur066,OchCBur066.merged.rmdup.merged.realn.bam,Contemporary,Bur,K2,0.9998012999999999
OchCBur066,OchCBur066.merged.rmdup.merged.realn.bam,Contemporary,Bur,K3,9.94e-5
OchCBur066,OchCBur066.merged.rmdup.merged.realn.bam,Contemporary,Bur,K4,9.94e-5
OchCBur067,OchCBur067.merged.rmdup.merged.realn.bam,Contemporary,Bur,K2,0.9998007
OchCBur067,OchCBur067.merged.rmdup.merged.realn.bam,Contemporary,Bur,K3,9.97e-5
OchCBur067,OchCBur067.merged.rmdup.merged.realn.bam,Contemporary,Bur,K4,9.97e-5
OchCBur069,OchCBur069.merged.rmdup.merged.realn.bam,Contemporary,Bur,K2,0.9997999
OchCBur069,OchCBur069.merged.rmdup.merged.realn.bam,Contemporary,Bur,K3,1e-4
OchCBur069,OchCBur069.merged.rmdup.merged.realn.bam,Contemporary,Bur,K4,1e-4
OchCBur070,OchCBur070.merged.rmdup.merged.realn.bam,Contemporary,Bur,K2,0.9997999
OchCBur070,OchCBur070.merged.rmdup.merged.realn.bam,Contemporary,Bur,K3,1e-4
OchCBur070,OchCBur070.merged.rmdup.merged.realn.bam,Contemporary,Bur,K4,1e-4
OchCBur071,OchCBur071.merged.rmdup.merged.realn.bam,Contemporary,Bur,K2,0.9998005
OchCBur071,OchCBur071.merged.rmdup.merged.realn.bam,Contemporary,Bur,K3,9.97e-5
OchCBur071,OchCBur071.merged.rmdup.merged.realn.bam,Contemporary,Bur,K4,9.97e-5
OchCBur072,OchCBur072.merged.rmdup.merged.realn.bam,Contemporary,Bur,K2,0.9922246
OchCBur072,OchCBur072.merged.rmdup.merged.realn.bam,Contemporary,Bur,K3,0.0076752
OchCBur072,OchCBur072.merged.rmdup.merged.realn.bam,Contemporary,Bur,K4,1.001e-4
OchCBur073,OchCBur073.merged.rmdup.merged.realn.bam,Contemporary,Bur,K2,0.9998008
OchCBur073,OchCBur073.merged.rmdup.merged.realn.bam,Contemporary,Bur,K3,9.96e-5
OchCBur073,OchCBur073.merged.rmdup.merged.realn.bam,Contemporary,Bur,K4,9.96e-5
OchCBur074,OchCBur074.merged.rmdup.merged.realn.bam,Contemporary,Bur,K2,0.9998005000000001
OchCBur074,OchCBur074.merged.rmdup.merged.realn.bam,Contemporary,Bur,K3,9.97e-5
OchCBur074,OchCBur074.merged.rmdup.merged.realn.bam,Contemporary,Bur,K4,9.97e-5
OchCBur076,OchCBur076.merged.rmdup.merged.realn.bam,Contemporary,Bur,K2,0.9998001
OchCBur076,OchCBur076.merged.rmdup.merged.realn.bam,Contemporary,Bur,K3,1e-4
OchCBur076,OchCBur076.merged.rmdup.merged.realn.bam,Contemporary,Bur,K4,1e-4
OchCBur077,OchCBur077.merged.rmdup.merged.realn.bam,Contemporary,Bur,K2,0.9998008
OchCBur077,OchCBur077.merged.rmdup.merged.realn.bam,Contemporary,Bur,K3,9.96e-5
OchCBur077,OchCBur077.merged.rmdup.merged.realn.bam,Contemporary,Bur,K4,9.96e-5
OchCBur078,OchCBur078.merged.rmdup.merged.realn.bam,Contemporary,Bur,K2,0.9998005000000001
OchCBur078,OchCBur078.merged.rmdup.merged.realn.bam,Contemporary,Bur,K3,9.97e-5
OchCBur078,OchCBur078.merged.rmdup.merged.realn.bam,Contemporary,Bur,K4,9.97e-5
OchCBur079,OchCBur079.merged.rmdup.merged.realn.bam,Contemporary,Bur,K2,0.9997999
OchCBur079,OchCBur079.merged.rmdup.merged.realn.bam,Contemporary,Bur,K3,1e-4
OchCBur079,OchCBur079.merged.rmdup.merged.realn.bam,Contemporary,Bur,K4,1e-4
OchCBur080,OchCBur080.merged.rmdup.merged.realn.bam,Contemporary,Bur,K2,0.9997999
OchCBur080,OchCBur080.merged.rmdup.merged.realn.bam,Contemporary,Bur,K3,1e-4
OchCBur080,OchCBur080.merged.rmdup.merged.realn.bam,Contemporary,Bur,K4,1e-4
OchCBur082,OchCBur082.merged.rmdup.merged.realn.bam,Contemporary,Bur,K2,0.9998005
OchCBur082,OchCBur082.merged.rmdup.merged.realn.bam,Contemporary,Bur,K3,9.97e-5
OchCBur082,OchCBur082.merged.rmdup.merged.realn.bam,Contemporary,Bur,K4,9.97e-5
OchCBur083,OchCBur083.merged.rmdup.merged.realn.bam,Contemporary,Bur,K2,0.9998007
OchCBur083,OchCBur083.merged.rmdup.merged.realn.bam,Contemporary,Bur,K3,9.96e-5
OchCBur083,OchCBur083.merged.rmdup.merged.realn.bam,Contemporary,Bur,K4,9.96e-5
OchCBur084,OchCBur084.merged.rmdup.merged.realn.bam,Contemporary,Bur,K2,0.9908036
OchCBur084,OchCBur084.merged.rmdup.merged.realn.bam,Contemporary,Bur,K3,0.0090962
OchCBur084,OchCBur084.merged.rmdup.merged.realn.bam,Contemporary,Bur,K4,1.001e-4
OchCBur086,OchCBur086.merged.rmdup.merged.realn.bam,Contemporary,Bur,K2,0.9997997000000001
OchCBur086,OchCBur086.merged.rmdup.merged.realn.bam,Contemporary,Bur,K3,1.001e-4
OchCBur086,OchCBur086.merged.rmdup.merged.realn.bam,Contemporary,Bur,K4,1.001e-4
OchCBur087,OchCBur087.merged.rmdup.merged.realn.bam,Contemporary,Bur,K2,0.9905057
OchCBur087,OchCBur087.merged.rmdup.merged.realn.bam,Contemporary,Bur,K3,0.0093942
OchCBur087,OchCBur087.merged.rmdup.merged.realn.bam,Contemporary,Bur,K4,1.001e-4
OchCBur088,OchCBur088.merged.rmdup.merged.realn.bam,Contemporary,Bur,K2,0.9997999000000001
OchCBur088,OchCBur088.merged.rmdup.merged.realn.bam,Contemporary,Bur,K3,1e-4
OchCBur088,OchCBur088.merged.rmdup.merged.realn.bam,Contemporary,Bur,K4,1e-4
OchCBur089,OchCBur089.merged.rmdup.merged.realn.bam,Contemporary,Bur,K2,0.9998003
OchCBur089,OchCBur089.merged.rmdup.merged.realn.bam,Contemporary,Bur,K3,9.98e-5
OchCBur089,OchCBur089.merged.rmdup.merged.realn.bam,Contemporary,Bur,K4,9.98e-5
OchCCat001,OchCCat001.merged.rmdup.merged.realn.bam,Contemporary,Cat,K2,0.9188874
OchCCat001,OchCCat001.merged.rmdup.merged.realn.bam,Contemporary,Cat,K3,0.0810125
OchCCat001,OchCCat001.merged.rmdup.merged.realn.bam,Contemporary,Cat,K4,1.001e-4
OchCCat002,OchCCat002.merged.rmdup.merged.realn.bam,Contemporary,Cat,K2,0.926072
OchCCat002,OchCCat002.merged.rmdup.merged.realn.bam,Contemporary,Cat,K3,0.0738279
OchCCat002,OchCCat002.merged.rmdup.merged.realn.bam,Contemporary,Cat,K4,1.002e-4
OchCCat003,OchCCat003.merged.rmdup.merged.realn.bam,Contemporary,Cat,K2,0.8373727999999999
OchCCat003,OchCCat003.merged.rmdup.merged.realn.bam,Contemporary,Cat,K3,0.1625271
OchCCat003,OchCCat003.merged.rmdup.merged.realn.bam,Contemporary,Cat,K4,1.001e-4
OchCCat004,OchCCat004.merged.rmdup.merged.realn.bam,Contemporary,Cat,K2,0.9459525
OchCCat004,OchCCat004.merged.rmdup.merged.realn.bam,Contemporary,Cat,K3,0.0539473
OchCCat004,OchCCat004.merged.rmdup.merged.realn.bam,Contemporary,Cat,K4,1.002e-4
OchCCat005,OchCCat005.merged.rmdup.merged.realn.bam,Contemporary,Cat,K2,0.9398514
OchCCat005,OchCCat005.merged.rmdup.merged.realn.bam,Contemporary,Cat,K3,0.0598712
OchCCat005,OchCCat005.merged.rmdup.merged.realn.bam,Contemporary,Cat,K4,2.773e-4
OchCCat006,OchCCat006.merged.rmdup.merged.realn.bam,Contemporary,Cat,K2,0.9454598
OchCCat006,OchCCat006.merged.rmdup.merged.realn.bam,Contemporary,Cat,K3,0.0544399
OchCCat006,OchCCat006.merged.rmdup.merged.realn.bam,Contemporary,Cat,K4,1.002e-4
OchCCat007,OchCCat007.merged.rmdup.merged.realn.bam,Contemporary,Cat,K2,0.9104994
OchCCat007,OchCCat007.merged.rmdup.merged.realn.bam,Contemporary,Cat,K3,0.0894004
OchCCat007,OchCCat007.merged.rmdup.merged.realn.bam,Contemporary,Cat,K4,1.001e-4
OchCCat008,OchCCat008.merged.rmdup.merged.realn.bam,Contemporary,Cat,K2,0.9034089999999999
OchCCat008,OchCCat008.merged.rmdup.merged.realn.bam,Contemporary,Cat,K3,0.0964909
OchCCat008,OchCCat008.merged.rmdup.merged.realn.bam,Contemporary,Cat,K4,1.001e-4
OchCCat009,OchCCat009.merged.rmdup.merged.realn.bam,Contemporary,Cat,K2,0.8370517
OchCCat009,OchCCat009.merged.rmdup.merged.realn.bam,Contemporary,Cat,K3,0.1626437
OchCCat009,OchCCat009.merged.rmdup.merged.realn.bam,Contemporary,Cat,K4,3.047e-4
OchCCat010,OchCCat010.merged.rmdup.merged.realn.bam,Contemporary,Cat,K2,0.924518
OchCCat010,OchCCat010.merged.rmdup.merged.realn.bam,Contemporary,Cat,K3,0.0753817
OchCCat010,OchCCat010.merged.rmdup.merged.realn.bam,Contemporary,Cat,K4,1.002e-4
OchCCat011,OchCCat011.merged.rmdup.merged.realn.bam,Contemporary,Cat,K2,0.8547881
OchCCat011,OchCCat011.merged.rmdup.merged.realn.bam,Contemporary,Cat,K3,0.1451117
OchCCat011,OchCCat011.merged.rmdup.merged.realn.bam,Contemporary,Cat,K4,1.001e-4
OchCCat012,OchCCat012.merged.rmdup.merged.realn.bam,Contemporary,Cat,K2,0.952515
OchCCat012,OchCCat012.merged.rmdup.merged.realn.bam,Contemporary,Cat,K3,0.0473849
OchCCat012,OchCCat012.merged.rmdup.merged.realn.bam,Contemporary,Cat,K4,1.001e-4
OchCCat013,OchCCat013.merged.rmdup.merged.realn.bam,Contemporary,Cat,K2,0.8958624
OchCCat013,OchCCat013.merged.rmdup.merged.realn.bam,Contemporary,Cat,K3,0.1040375
OchCCat013,OchCCat013.merged.rmdup.merged.realn.bam,Contemporary,Cat,K4,1.001e-4
OchCCat014,OchCCat014.merged.rmdup.merged.realn.bam,Contemporary,Cat,K2,0.8999218
OchCCat014,OchCCat014.merged.rmdup.merged.realn.bam,Contemporary,Cat,K3,0.0999781
OchCCat014,OchCCat014.merged.rmdup.merged.realn.bam,Contemporary,Cat,K4,1.002e-4
OchCCat015,OchCCat015.merged.rmdup.merged.realn.bam,Contemporary,Cat,K2,0.9329284
OchCCat015,OchCCat015.merged.rmdup.merged.realn.bam,Contemporary,Cat,K3,0.0668743
OchCCat015,OchCCat015.merged.rmdup.merged.realn.bam,Contemporary,Cat,K4,1.973e-4
OchCCat016,OchCCat016.merged.rmdup.merged.realn.bam,Contemporary,Cat,K2,0.9222916
OchCCat016,OchCCat016.merged.rmdup.merged.realn.bam,Contemporary,Cat,K3,0.0765237
OchCCat016,OchCCat016.merged.rmdup.merged.realn.bam,Contemporary,Cat,K4,0.0011847
OchCCat017,OchCCat017.merged.rmdup.merged.realn.bam,Contemporary,Cat,K2,0.864
OchCCat017,OchCCat017.merged.rmdup.merged.realn.bam,Contemporary,Cat,K3,0.1353204
OchCCat017,OchCCat017.merged.rmdup.merged.realn.bam,Contemporary,Cat,K4,6.796e-4
OchCCat018,OchCCat018.merged.rmdup.merged.realn.bam,Contemporary,Cat,K2,0.939817
OchCCat018,OchCCat018.merged.rmdup.merged.realn.bam,Contemporary,Cat,K3,0.0598897
OchCCat018,OchCCat018.merged.rmdup.merged.realn.bam,Contemporary,Cat,K4,2.933e-4
OchCCat019,OchCCat019.merged.rmdup.merged.realn.bam,Contemporary,Cat,K2,0.8635298
OchCCat019,OchCCat019.merged.rmdup.merged.realn.bam,Contemporary,Cat,K3,0.1361593
OchCCat019,OchCCat019.merged.rmdup.merged.realn.bam,Contemporary,Cat,K4,3.109e-4
OchCCat020,OchCCat020.merged.rmdup.merged.realn.bam,Contemporary,Cat,K2,0.953009
OchCCat020,OchCCat020.merged.rmdup.merged.realn.bam,Contemporary,Cat,K3,0.0468908
OchCCat020,OchCCat020.merged.rmdup.merged.realn.bam,Contemporary,Cat,K4,1.002e-4
OchCCat021,OchCCat021.merged.rmdup.merged.realn.bam,Contemporary,Cat,K2,0.8905963
OchCCat021,OchCCat021.merged.rmdup.merged.realn.bam,Contemporary,Cat,K3,0.1090106
OchCCat021,OchCCat021.merged.rmdup.merged.realn.bam,Contemporary,Cat,K4,3.932e-4
OchCCat022,OchCCat022.merged.rmdup.merged.realn.bam,Contemporary,Cat,K2,0.9554487
OchCCat022,OchCCat022.merged.rmdup.merged.realn.bam,Contemporary,Cat,K3,0.0444511
OchCCat022,OchCCat022.merged.rmdup.merged.realn.bam,Contemporary,Cat,K4,1.001e-4
OchCCat023,OchCCat023.merged.rmdup.merged.realn.bam,Contemporary,Cat,K2,0.8686067
OchCCat023,OchCCat023.merged.rmdup.merged.realn.bam,Contemporary,Cat,K3,0.1231887
OchCCat023,OchCCat023.merged.rmdup.merged.realn.bam,Contemporary,Cat,K4,0.0082046
OchCCat024,OchCCat024.merged.rmdup.merged.realn.bam,Contemporary,Cat,K2,0.8708538
OchCCat024,OchCCat024.merged.rmdup.merged.realn.bam,Contemporary,Cat,K3,0.1268941
OchCCat024,OchCCat024.merged.rmdup.merged.realn.bam,Contemporary,Cat,K4,0.0022521
OchCCat025,OchCCat025.merged.rmdup.merged.realn.bam,Contemporary,Cat,K2,0.8628072
OchCCat025,OchCCat025.merged.rmdup.merged.realn.bam,Contemporary,Cat,K3,0.1349902
OchCCat025,OchCCat025.merged.rmdup.merged.realn.bam,Contemporary,Cat,K4,0.0022025
OchCCat028,OchCCat028.merged.rmdup.merged.realn.bam,Contemporary,Cat,K2,0.89745
OchCCat028,OchCCat028.merged.rmdup.merged.realn.bam,Contemporary,Cat,K3,0.1012026
OchCCat028,OchCCat028.merged.rmdup.merged.realn.bam,Contemporary,Cat,K4,0.0013475
OchCCat029,OchCCat029.merged.rmdup.merged.realn.bam,Contemporary,Cat,K2,0.8638303
OchCCat029,OchCCat029.merged.rmdup.merged.realn.bam,Contemporary,Cat,K3,0.1341656
OchCCat029,OchCCat029.merged.rmdup.merged.realn.bam,Contemporary,Cat,K4,0.002004
OchCCat031,OchCCat031.merged.rmdup.merged.realn.bam,Contemporary,Cat,K2,0.9510842
OchCCat031,OchCCat031.merged.rmdup.merged.realn.bam,Contemporary,Cat,K3,0.0488156
OchCCat031,OchCCat031.merged.rmdup.merged.realn.bam,Contemporary,Cat,K4,1.002e-4
OchCCat035,OchCCat035.merged.rmdup.merged.realn.bam,Contemporary,Cat,K2,0.9305851
OchCCat035,OchCCat035.merged.rmdup.merged.realn.bam,Contemporary,Cat,K3,0.0681649
OchCCat035,OchCCat035.merged.rmdup.merged.realn.bam,Contemporary,Cat,K4,0.0012501
OchCCat036,OchCCat036.merged.rmdup.merged.realn.bam,Contemporary,Cat,K2,0.8671328
OchCCat036,OchCCat036.merged.rmdup.merged.realn.bam,Contemporary,Cat,K3,0.1288301
OchCCat036,OchCCat036.merged.rmdup.merged.realn.bam,Contemporary,Cat,K4,0.0040371
OchCCat037,OchCCat037.merged.rmdup.merged.realn.bam,Contemporary,Cat,K2,0.8644531999999999
OchCCat037,OchCCat037.merged.rmdup.merged.realn.bam,Contemporary,Cat,K3,0.1342275
OchCCat037,OchCCat037.merged.rmdup.merged.realn.bam,Contemporary,Cat,K4,0.0013193
OchCCat038,OchCCat038.merged.rmdup.merged.realn.bam,Contemporary,Cat,K2,0.8355400000000001
OchCCat038,OchCCat038.merged.rmdup.merged.realn.bam,Contemporary,Cat,K3,0.1629046
OchCCat038,OchCCat038.merged.rmdup.merged.realn.bam,Contemporary,Cat,K4,0.0015554
OchCCat047,OchCCat047.merged.rmdup.merged.realn.bam,Contemporary,Cat,K2,0.9646975
OchCCat047,OchCCat047.merged.rmdup.merged.realn.bam,Contemporary,Cat,K3,0.0352023
OchCCat047,OchCCat047.merged.rmdup.merged.realn.bam,Contemporary,Cat,K4,1.001e-4
OchCCat051,OchCCat051.merged.rmdup.merged.realn.bam,Contemporary,Cat,K2,0.8832997
OchCCat051,OchCCat051.merged.rmdup.merged.realn.bam,Contemporary,Cat,K3,0.1141592
OchCCat051,OchCCat051.merged.rmdup.merged.realn.bam,Contemporary,Cat,K4,0.0025411
OchCCat059,OchCCat059.merged.rmdup.merged.realn.bam,Contemporary,Cat,K2,0.790703
OchCCat059,OchCCat059.merged.rmdup.merged.realn.bam,Contemporary,Cat,K3,0.205423
OchCCat059,OchCCat059.merged.rmdup.merged.realn.bam,Contemporary,Cat,K4,0.003874
OchCCat063,OchCCat063.merged.rmdup.merged.realn.bam,Contemporary,Cat,K2,0.9247591000000001
OchCCat063,OchCCat063.merged.rmdup.merged.realn.bam,Contemporary,Cat,K3,0.0729829
OchCCat063,OchCCat063.merged.rmdup.merged.realn.bam,Contemporary,Cat,K4,0.0022579
OchCCat065,OchCCat065.merged.rmdup.merged.realn.bam,Contemporary,Cat,K2,0.8974849
OchCCat065,OchCCat065.merged.rmdup.merged.realn.bam,Contemporary,Cat,K3,0.1002565
OchCCat065,OchCCat065.merged.rmdup.merged.realn.bam,Contemporary,Cat,K4,0.0022586
OchCCat066,OchCCat066.merged.rmdup.merged.realn.bam,Contemporary,Cat,K2,0.9159838
OchCCat066,OchCCat066.merged.rmdup.merged.realn.bam,Contemporary,Cat,K3,0.083916
OchCCat066,OchCCat066.merged.rmdup.merged.realn.bam,Contemporary,Cat,K4,1.001e-4
OchCCat068,OchCCat068.merged.rmdup.merged.realn.bam,Contemporary,Cat,K2,0.9645941
OchCCat068,OchCCat068.merged.rmdup.merged.realn.bam,Contemporary,Cat,K3,0.0337099
OchCCat068,OchCCat068.merged.rmdup.merged.realn.bam,Contemporary,Cat,K4,0.0016961
OchCCat069,OchCCat069.merged.rmdup.merged.realn.bam,Contemporary,Cat,K2,0.9065406
OchCCat069,OchCCat069.merged.rmdup.merged.realn.bam,Contemporary,Cat,K3,0.0933593
OchCCat069,OchCCat069.merged.rmdup.merged.realn.bam,Contemporary,Cat,K4,1.001e-4
OchCCat070,OchCCat070.merged.rmdup.merged.realn.bam,Contemporary,Cat,K2,0.9319653999999999
OchCCat070,OchCCat070.merged.rmdup.merged.realn.bam,Contemporary,Cat,K3,0.0649212
OchCCat070,OchCCat070.merged.rmdup.merged.realn.bam,Contemporary,Cat,K4,0.0031133
OchCCat071,OchCCat071.merged.rmdup.merged.realn.bam,Contemporary,Cat,K2,0.9483763000000001
OchCCat071,OchCCat071.merged.rmdup.merged.realn.bam,Contemporary,Cat,K3,0.0515236
OchCCat071,OchCCat071.merged.rmdup.merged.realn.bam,Contemporary,Cat,K4,1.001e-4
OchCCat072,OchCCat072.merged.rmdup.merged.realn.bam,Contemporary,Cat,K2,0.8545803
OchCCat072,OchCCat072.merged.rmdup.merged.realn.bam,Contemporary,Cat,K3,0.1441482
OchCCat072,OchCCat072.merged.rmdup.merged.realn.bam,Contemporary,Cat,K4,0.0012715
OchCCat074,OchCCat074.merged.rmdup.merged.realn.bam,Contemporary,Cat,K2,0.9769668
OchCCat074,OchCCat074.merged.rmdup.merged.realn.bam,Contemporary,Cat,K3,0.0229331
OchCCat074,OchCCat074.merged.rmdup.merged.realn.bam,Contemporary,Cat,K4,1.001e-4
OchCCat075,OchCCat075.merged.rmdup.merged.realn.bam,Contemporary,Cat,K2,0.9295004
OchCCat075,OchCCat075.merged.rmdup.merged.realn.bam,Contemporary,Cat,K3,0.0699413
OchCCat075,OchCCat075.merged.rmdup.merged.realn.bam,Contemporary,Cat,K4,5.583e-4
OchCCat076,OchCCat076.merged.rmdup.merged.realn.bam,Contemporary,Cat,K2,0.9514507
OchCCat076,OchCCat076.merged.rmdup.merged.realn.bam,Contemporary,Cat,K3,0.0481622
OchCCat076,OchCCat076.merged.rmdup.merged.realn.bam,Contemporary,Cat,K4,3.87e-4
OchCCat077,OchCCat077.merged.rmdup.merged.realn.bam,Contemporary,Cat,K2,0.9414218
OchCCat077,OchCCat077.merged.rmdup.merged.realn.bam,Contemporary,Cat,K3,0.0584781
OchCCat077,OchCCat077.merged.rmdup.merged.realn.bam,Contemporary,Cat,K4,1.001e-4
OchCCat079,OchCCat079.merged.rmdup.merged.realn.bam,Contemporary,Cat,K2,0.9253757
OchCCat079,OchCCat079.merged.rmdup.merged.realn.bam,Contemporary,Cat,K3,0.0745241
OchCCat079,OchCCat079.merged.rmdup.merged.realn.bam,Contemporary,Cat,K4,1.001e-4
OchCCat080,OchCCat080.merged.rmdup.merged.realn.bam,Contemporary,Cat,K2,0.9169888
OchCCat080,OchCCat080.merged.rmdup.merged.realn.bam,Contemporary,Cat,K3,0.0817965
OchCCat080,OchCCat080.merged.rmdup.merged.realn.bam,Contemporary,Cat,K4,0.0012146
OchCCat081,OchCCat081.merged.rmdup.merged.realn.bam,Contemporary,Cat,K2,0.9355671
OchCCat081,OchCCat081.merged.rmdup.merged.realn.bam,Contemporary,Cat,K3,0.0633555
OchCCat081,OchCCat081.merged.rmdup.merged.realn.bam,Contemporary,Cat,K4,0.0010774
OchCCat082,OchCCat082.merged.rmdup.merged.realn.bam,Contemporary,Cat,K2,0.9926893
OchCCat082,OchCCat082.merged.rmdup.merged.realn.bam,Contemporary,Cat,K3,0.0072105
OchCCat082,OchCCat082.merged.rmdup.merged.realn.bam,Contemporary,Cat,K4,1.002e-4
OchCCat083,OchCCat083.merged.rmdup.merged.realn.bam,Contemporary,Cat,K2,0.9493852
OchCCat083,OchCCat083.merged.rmdup.merged.realn.bam,Contemporary,Cat,K3,0.0505089
OchCCat083,OchCCat083.merged.rmdup.merged.realn.bam,Contemporary,Cat,K4,1.059e-4
OchCCat084,OchCCat084.merged.rmdup.merged.realn.bam,Contemporary,Cat,K2,0.8794394
OchCCat084,OchCCat084.merged.rmdup.merged.realn.bam,Contemporary,Cat,K3,0.1204604
OchCCat084,OchCCat084.merged.rmdup.merged.realn.bam,Contemporary,Cat,K4,1.001e-4
OchCCat085,OchCCat085.merged.rmdup.merged.realn.bam,Contemporary,Cat,K2,0.9937843
OchCCat085,OchCCat085.merged.rmdup.merged.realn.bam,Contemporary,Cat,K3,0.0061155
OchCCat085,OchCCat085.merged.rmdup.merged.realn.bam,Contemporary,Cat,K4,1.002e-4
OchCCat086,OchCCat086.merged.rmdup.merged.realn.bam,Contemporary,Cat,K2,0.9652908
OchCCat086,OchCCat086.merged.rmdup.merged.realn.bam,Contemporary,Cat,K3,0.0340752
OchCCat086,OchCCat086.merged.rmdup.merged.realn.bam,Contemporary,Cat,K4,6.339e-4
OchCCat087,OchCCat087.merged.rmdup.merged.realn.bam,Contemporary,Cat,K2,0.9656554
OchCCat087,OchCCat087.merged.rmdup.merged.realn.bam,Contemporary,Cat,K3,0.0342444
OchCCat087,OchCCat087.merged.rmdup.merged.realn.bam,Contemporary,Cat,K4,1.001e-4
OchCCat088,OchCCat088.merged.rmdup.merged.realn.bam,Contemporary,Cat,K2,0.9511105
OchCCat088,OchCCat088.merged.rmdup.merged.realn.bam,Contemporary,Cat,K3,0.0478572
OchCCat088,OchCCat088.merged.rmdup.merged.realn.bam,Contemporary,Cat,K4,0.0010323
OchCCat090,OchCCat090.merged.rmdup.merged.realn.bam,Contemporary,Cat,K2,0.8987571
OchCCat090,OchCCat090.merged.rmdup.merged.realn.bam,Contemporary,Cat,K3,0.1011428
OchCCat090,OchCCat090.merged.rmdup.merged.realn.bam,Contemporary,Cat,K4,1.001e-4
OchCCat091,OchCCat091.merged.rmdup.merged.realn.bam,Contemporary,Cat,K2,0.9258936999999999
OchCCat091,OchCCat091.merged.rmdup.merged.realn.bam,Contemporary,Cat,K3,0.0735343
OchCCat091,OchCCat091.merged.rmdup.merged.realn.bam,Contemporary,Cat,K4,5.72e-4
OchCCat092,OchCCat092.merged.rmdup.merged.realn.bam,Contemporary,Cat,K2,0.8562497
OchCCat092,OchCCat092.merged.rmdup.merged.realn.bam,Contemporary,Cat,K3,0.1435467
OchCCat092,OchCCat092.merged.rmdup.merged.realn.bam,Contemporary,Cat,K4,2.035e-4
OchCCat094,OchCCat094.merged.rmdup.merged.realn.bam,Contemporary,Cat,K2,0.8105285999999999
OchCCat094,OchCCat094.merged.rmdup.merged.realn.bam,Contemporary,Cat,K3,0.1873372
OchCCat094,OchCCat094.merged.rmdup.merged.realn.bam,Contemporary,Cat,K4,0.0021343
OchCCat095,OchCCat095.merged.rmdup.merged.realn.bam,Contemporary,Cat,K2,0.8051320000000001
OchCCat095,OchCCat095.merged.rmdup.merged.realn.bam,Contemporary,Cat,K3,0.1928566
OchCCat095,OchCCat095.merged.rmdup.merged.realn.bam,Contemporary,Cat,K4,0.0020114
OchCCat096,OchCCat096.merged.rmdup.merged.realn.bam,Contemporary,Cat,K2,0.9591284
OchCCat096,OchCCat096.merged.rmdup.merged.realn.bam,Contemporary,Cat,K3,0.0407714
OchCCat096,OchCCat096.merged.rmdup.merged.realn.bam,Contemporary,Cat,K4,1.001e-4
OchCTum001,OchCTum001.merged.rmdup.merged.realn.bam,Contemporary,Tum,K2,0.9827543
OchCTum001,OchCTum001.merged.rmdup.merged.realn.bam,Contemporary,Tum,K3,0.0159199
OchCTum001,OchCTum001.merged.rmdup.merged.realn.bam,Contemporary,Tum,K4,0.0013259
OchCTum002,OchCTum002.merged.rmdup.merged.realn.bam,Contemporary,Tum,K2,0.9727308
OchCTum002,OchCTum002.merged.rmdup.merged.realn.bam,Contemporary,Tum,K3,0.0262492
OchCTum002,OchCTum002.merged.rmdup.merged.realn.bam,Contemporary,Tum,K4,0.00102
OchCTum003,OchCTum003.merged.rmdup.merged.realn.bam,Contemporary,Tum,K2,0.9988146
OchCTum003,OchCTum003.merged.rmdup.merged.realn.bam,Contemporary,Tum,K3,9.93e-5
OchCTum003,OchCTum003.merged.rmdup.merged.realn.bam,Contemporary,Tum,K4,0.0010862
OchCTum004,OchCTum004.merged.rmdup.merged.realn.bam,Contemporary,Tum,K2,0.999699
OchCTum004,OchCTum004.merged.rmdup.merged.realn.bam,Contemporary,Tum,K3,9.96e-5
OchCTum004,OchCTum004.merged.rmdup.merged.realn.bam,Contemporary,Tum,K4,2.014e-4
OchCTum005,OchCTum005.merged.rmdup.merged.realn.bam,Contemporary,Tum,K2,0.9348631
OchCTum005,OchCTum005.merged.rmdup.merged.realn.bam,Contemporary,Tum,K3,0.0633896
OchCTum005,OchCTum005.merged.rmdup.merged.realn.bam,Contemporary,Tum,K4,0.0017473
OchCTum006,OchCTum006.merged.rmdup.merged.realn.bam,Contemporary,Tum,K2,0.9364845
OchCTum006,OchCTum006.merged.rmdup.merged.realn.bam,Contemporary,Tum,K3,0.0613679
OchCTum006,OchCTum006.merged.rmdup.merged.realn.bam,Contemporary,Tum,K4,0.0021477000000000002
OchCTum007,OchCTum007.merged.rmdup.merged.realn.bam,Contemporary,Tum,K2,0.9327821000000001
OchCTum007,OchCTum007.merged.rmdup.merged.realn.bam,Contemporary,Tum,K3,0.0653994
OchCTum007,OchCTum007.merged.rmdup.merged.realn.bam,Contemporary,Tum,K4,0.0018185
OchCTum008,OchCTum008.merged.rmdup.merged.realn.bam,Contemporary,Tum,K2,0.9608609
OchCTum008,OchCTum008.merged.rmdup.merged.realn.bam,Contemporary,Tum,K3,0.0380565
OchCTum008,OchCTum008.merged.rmdup.merged.realn.bam,Contemporary,Tum,K4,0.0010825
OchCTum009,OchCTum009.merged.rmdup.merged.realn.bam,Contemporary,Tum,K2,0.8899922
OchCTum009,OchCTum009.merged.rmdup.merged.realn.bam,Contemporary,Tum,K3,0.1059354
OchCTum009,OchCTum009.merged.rmdup.merged.realn.bam,Contemporary,Tum,K4,0.0040723
OchCTum010,OchCTum010.merged.rmdup.merged.realn.bam,Contemporary,Tum,K2,0.9416719
OchCTum010,OchCTum010.merged.rmdup.merged.realn.bam,Contemporary,Tum,K3,0.055202
OchCTum010,OchCTum010.merged.rmdup.merged.realn.bam,Contemporary,Tum,K4,0.0031261
OchCTum011,OchCTum011.merged.rmdup.merged.realn.bam,Contemporary,Tum,K2,0.9062624
OchCTum011,OchCTum011.merged.rmdup.merged.realn.bam,Contemporary,Tum,K3,0.0894908
OchCTum011,OchCTum011.merged.rmdup.merged.realn.bam,Contemporary,Tum,K4,0.0042468
OchCTum012,OchCTum012.merged.rmdup.merged.realn.bam,Contemporary,Tum,K2,0.9456330000000001
OchCTum012,OchCTum012.merged.rmdup.merged.realn.bam,Contemporary,Tum,K3,0.0511123
OchCTum012,OchCTum012.merged.rmdup.merged.realn.bam,Contemporary,Tum,K4,0.0032548
OchCTum013,OchCTum013.merged.rmdup.merged.realn.bam,Contemporary,Tum,K2,0.9981554
OchCTum013,OchCTum013.merged.rmdup.merged.realn.bam,Contemporary,Tum,K3,9.97e-5
OchCTum013,OchCTum013.merged.rmdup.merged.realn.bam,Contemporary,Tum,K4,0.0017449
OchCTum014,OchCTum014.merged.rmdup.merged.realn.bam,Contemporary,Tum,K2,0.9243317000000001
OchCTum014,OchCTum014.merged.rmdup.merged.realn.bam,Contemporary,Tum,K3,0.072432
OchCTum014,OchCTum014.merged.rmdup.merged.realn.bam,Contemporary,Tum,K4,0.0032361
OchCTum015,OchCTum015.merged.rmdup.merged.realn.bam,Contemporary,Tum,K2,0.8784018
OchCTum015,OchCTum015.merged.rmdup.merged.realn.bam,Contemporary,Tum,K3,0.1163491
OchCTum015,OchCTum015.merged.rmdup.merged.realn.bam,Contemporary,Tum,K4,0.005249
OchCTum016,OchCTum016.merged.rmdup.merged.realn.bam,Contemporary,Tum,K2,0.9229854
OchCTum016,OchCTum016.merged.rmdup.merged.realn.bam,Contemporary,Tum,K3,0.0744436
OchCTum016,OchCTum016.merged.rmdup.merged.realn.bam,Contemporary,Tum,K4,0.0025709
OchCTum017,OchCTum017.merged.rmdup.merged.realn.bam,Contemporary,Tum,K2,0.9991321
OchCTum017,OchCTum017.merged.rmdup.merged.realn.bam,Contemporary,Tum,K3,9.93e-5
OchCTum017,OchCTum017.merged.rmdup.merged.realn.bam,Contemporary,Tum,K4,7.687e-4
OchCTum018,OchCTum018.merged.rmdup.merged.realn.bam,Contemporary,Tum,K2,0.9536198
OchCTum018,OchCTum018.merged.rmdup.merged.realn.bam,Contemporary,Tum,K3,0.0449679
OchCTum018,OchCTum018.merged.rmdup.merged.realn.bam,Contemporary,Tum,K4,0.0014123
OchCTum019,OchCTum019.merged.rmdup.merged.realn.bam,Contemporary,Tum,K2,0.9986657
OchCTum019,OchCTum019.merged.rmdup.merged.realn.bam,Contemporary,Tum,K3,1e-4
OchCTum019,OchCTum019.merged.rmdup.merged.realn.bam,Contemporary,Tum,K4,0.0012343
OchCTum020,OchCTum020.merged.rmdup.merged.realn.bam,Contemporary,Tum,K2,0.9998032
OchCTum020,OchCTum020.merged.rmdup.merged.realn.bam,Contemporary,Tum,K3,9.83e-5
OchCTum020,OchCTum020.merged.rmdup.merged.realn.bam,Contemporary,Tum,K4,9.83e-5
OchCTum021,OchCTum021.merged.rmdup.merged.realn.bam,Contemporary,Tum,K2,0.9998020000000001
OchCTum021,OchCTum021.merged.rmdup.merged.realn.bam,Contemporary,Tum,K3,9.9e-5
OchCTum021,OchCTum021.merged.rmdup.merged.realn.bam,Contemporary,Tum,K4,9.9e-5
OchCTum022,OchCTum022.merged.rmdup.merged.realn.bam,Contemporary,Tum,K2,0.891239
OchCTum022,OchCTum022.merged.rmdup.merged.realn.bam,Contemporary,Tum,K3,0.1063003
OchCTum022,OchCTum022.merged.rmdup.merged.realn.bam,Contemporary,Tum,K4,0.0024607
OchCTum023,OchCTum023.merged.rmdup.merged.realn.bam,Contemporary,Tum,K2,0.9018754
OchCTum023,OchCTum023.merged.rmdup.merged.realn.bam,Contemporary,Tum,K3,0.0961005
OchCTum023,OchCTum023.merged.rmdup.merged.realn.bam,Contemporary,Tum,K4,0.0020241
OchCTum024,OchCTum024.merged.rmdup.merged.realn.bam,Contemporary,Tum,K2,0.9998034
OchCTum024,OchCTum024.merged.rmdup.merged.realn.bam,Contemporary,Tum,K3,9.83e-5
OchCTum024,OchCTum024.merged.rmdup.merged.realn.bam,Contemporary,Tum,K4,9.83e-5
OchCTum025,OchCTum025.merged.rmdup.merged.realn.bam,Contemporary,Tum,K2,0.9998035000000001
OchCTum025,OchCTum025.merged.rmdup.merged.realn.bam,Contemporary,Tum,K3,9.82e-5
OchCTum025,OchCTum025.merged.rmdup.merged.realn.bam,Contemporary,Tum,K4,9.82e-5
OchCTum026,OchCTum026.merged.rmdup.merged.realn.bam,Contemporary,Tum,K2,0.953356
OchCTum026,OchCTum026.merged.rmdup.merged.realn.bam,Contemporary,Tum,K3,0.0449199
OchCTum026,OchCTum026.merged.rmdup.merged.realn.bam,Contemporary,Tum,K4,0.0017241
OchCTum027,OchCTum027.merged.rmdup.merged.realn.bam,Contemporary,Tum,K2,0.9397783000000001
OchCTum027,OchCTum027.merged.rmdup.merged.realn.bam,Contemporary,Tum,K3,0.0584935
OchCTum027,OchCTum027.merged.rmdup.merged.realn.bam,Contemporary,Tum,K4,0.0017282
OchCTum028,OchCTum028.merged.rmdup.merged.realn.bam,Contemporary,Tum,K2,0.9415515
OchCTum028,OchCTum028.merged.rmdup.merged.realn.bam,Contemporary,Tum,K3,0.0567251
OchCTum028,OchCTum028.merged.rmdup.merged.realn.bam,Contemporary,Tum,K4,0.0017234
OchCTum029,OchCTum029.merged.rmdup.merged.realn.bam,Contemporary,Tum,K2,0.9648863000000001
OchCTum029,OchCTum029.merged.rmdup.merged.realn.bam,Contemporary,Tum,K3,0.0337142
OchCTum029,OchCTum029.merged.rmdup.merged.realn.bam,Contemporary,Tum,K4,0.0013994
OchCTum030,OchCTum030.merged.rmdup.merged.realn.bam,Contemporary,Tum,K2,0.9988039000000001
OchCTum030,OchCTum030.merged.rmdup.merged.realn.bam,Contemporary,Tum,K3,9.96e-5
OchCTum030,OchCTum030.merged.rmdup.merged.realn.bam,Contemporary,Tum,K4,0.0010965
OchCTum031,OchCTum031.merged.rmdup.merged.realn.bam,Contemporary,Tum,K2,0.959857
OchCTum031,OchCTum031.merged.rmdup.merged.realn.bam,Contemporary,Tum,K3,0.0393904
OchCTum031,OchCTum031.merged.rmdup.merged.realn.bam,Contemporary,Tum,K4,7.526e-4
OchCTum032,OchCTum032.merged.rmdup.merged.realn.bam,Contemporary,Tum,K2,0.9755189
OchCTum032,OchCTum032.merged.rmdup.merged.realn.bam,Contemporary,Tum,K3,0.023412
OchCTum032,OchCTum032.merged.rmdup.merged.realn.bam,Contemporary,Tum,K4,0.0010691
OchCTum033,OchCTum033.merged.rmdup.merged.realn.bam,Contemporary,Tum,K2,0.8844033
OchCTum033,OchCTum033.merged.rmdup.merged.realn.bam,Contemporary,Tum,K3,0.1101313
OchCTum033,OchCTum033.merged.rmdup.merged.realn.bam,Contemporary,Tum,K4,0.0054653
OchCTum034,OchCTum034.merged.rmdup.merged.realn.bam,Contemporary,Tum,K2,0.9004441
OchCTum034,OchCTum034.merged.rmdup.merged.realn.bam,Contemporary,Tum,K3,0.0962514
OchCTum034,OchCTum034.merged.rmdup.merged.realn.bam,Contemporary,Tum,K4,0.0033044
OchCTum035,OchCTum035.merged.rmdup.merged.realn.bam,Contemporary,Tum,K2,0.8724439
OchCTum035,OchCTum035.merged.rmdup.merged.realn.bam,Contemporary,Tum,K3,0.1203172
OchCTum035,OchCTum035.merged.rmdup.merged.realn.bam,Contemporary,Tum,K4,0.007239
OchCTum036,OchCTum036.merged.rmdup.merged.realn.bam,Contemporary,Tum,K2,0.860077
OchCTum036,OchCTum036.merged.rmdup.merged.realn.bam,Contemporary,Tum,K3,0.1339381
OchCTum036,OchCTum036.merged.rmdup.merged.realn.bam,Contemporary,Tum,K4,0.005985
OchCTum037,OchCTum037.merged.rmdup.merged.realn.bam,Contemporary,Tum,K2,0.8758881
OchCTum037,OchCTum037.merged.rmdup.merged.realn.bam,Contemporary,Tum,K3,0.118368
OchCTum037,OchCTum037.merged.rmdup.merged.realn.bam,Contemporary,Tum,K4,0.0057439
OchCTum038,OchCTum038.merged.rmdup.merged.realn.bam,Contemporary,Tum,K2,0.8719073
OchCTum038,OchCTum038.merged.rmdup.merged.realn.bam,Contemporary,Tum,K3,0.1260777
OchCTum038,OchCTum038.merged.rmdup.merged.realn.bam,Contemporary,Tum,K4,0.002015
OchCTum039,OchCTum039.merged.rmdup.merged.realn.bam,Contemporary,Tum,K2,0.9995598
OchCTum039,OchCTum039.merged.rmdup.merged.realn.bam,Contemporary,Tum,K3,9.9e-5
OchCTum039,OchCTum039.merged.rmdup.merged.realn.bam,Contemporary,Tum,K4,3.412e-4
OchCTum040,OchCTum040.merged.rmdup.merged.realn.bam,Contemporary,Tum,K2,0.851269
OchCTum040,OchCTum040.merged.rmdup.merged.realn.bam,Contemporary,Tum,K3,0.1422591
OchCTum040,OchCTum040.merged.rmdup.merged.realn.bam,Contemporary,Tum,K4,0.0064719
OchCTum041,OchCTum041.merged.rmdup.merged.realn.bam,Contemporary,Tum,K2,0.9380254
OchCTum041,OchCTum041.merged.rmdup.merged.realn.bam,Contemporary,Tum,K3,0.0580035
OchCTum041,OchCTum041.merged.rmdup.merged.realn.bam,Contemporary,Tum,K4,0.0039711
OchCTum042,OchCTum042.merged.rmdup.merged.realn.bam,Contemporary,Tum,K2,0.8688797
OchCTum042,OchCTum042.merged.rmdup.merged.realn.bam,Contemporary,Tum,K3,0.1235553
OchCTum042,OchCTum042.merged.rmdup.merged.realn.bam,Contemporary,Tum,K4,0.007565
OchCTum043,OchCTum043.merged.rmdup.merged.realn.bam,Contemporary,Tum,K2,0.937277
OchCTum043,OchCTum043.merged.rmdup.merged.realn.bam,Contemporary,Tum,K3,0.0584692
OchCTum043,OchCTum043.merged.rmdup.merged.realn.bam,Contemporary,Tum,K4,0.0042538
OchCTum044,OchCTum044.merged.rmdup.merged.realn.bam,Contemporary,Tum,K2,0.8558668
OchCTum044,OchCTum044.merged.rmdup.merged.realn.bam,Contemporary,Tum,K3,0.1363564
OchCTum044,OchCTum044.merged.rmdup.merged.realn.bam,Contemporary,Tum,K4,0.0077767
OchCTum045,OchCTum045.merged.rmdup.merged.realn.bam,Contemporary,Tum,K2,0.9756412999999999
OchCTum045,OchCTum045.merged.rmdup.merged.realn.bam,Contemporary,Tum,K3,0.0217368
OchCTum045,OchCTum045.merged.rmdup.merged.realn.bam,Contemporary,Tum,K4,0.0026218
OchCTum047,OchCTum047.merged.rmdup.merged.realn.bam,Contemporary,Tum,K2,0.8872985
OchCTum047,OchCTum047.merged.rmdup.merged.realn.bam,Contemporary,Tum,K3,0.1052742
OchCTum047,OchCTum047.merged.rmdup.merged.realn.bam,Contemporary,Tum,K4,0.0074273
OchCTum048,OchCTum048.merged.rmdup.merged.realn.bam,Contemporary,Tum,K2,0.8969522000000001
OchCTum048,OchCTum048.merged.rmdup.merged.realn.bam,Contemporary,Tum,K3,0.0959095
OchCTum048,OchCTum048.merged.rmdup.merged.realn.bam,Contemporary,Tum,K4,0.0071382
OchCTum049,OchCTum049.merged.rmdup.merged.realn.bam,Contemporary,Tum,K2,0.9917904000000001
OchCTum049,OchCTum049.merged.rmdup.merged.realn.bam,Contemporary,Tum,K3,0.0040573
OchCTum049,OchCTum049.merged.rmdup.merged.realn.bam,Contemporary,Tum,K4,0.0041524
OchCTum050,OchCTum050.merged.rmdup.merged.realn.bam,Contemporary,Tum,K2,0.7664264
OchCTum050,OchCTum050.merged.rmdup.merged.realn.bam,Contemporary,Tum,K3,0.1696554
OchCTum050,OchCTum050.merged.rmdup.merged.realn.bam,Contemporary,Tum,K4,0.0639181
OchCTum051,OchCTum051.merged.rmdup.merged.realn.bam,Contemporary,Tum,K2,0.7594631000000001
OchCTum051,OchCTum051.merged.rmdup.merged.realn.bam,Contemporary,Tum,K3,0.1886904
OchCTum051,OchCTum051.merged.rmdup.merged.realn.bam,Contemporary,Tum,K4,0.0518465
